i,wt,evescape,Norm_evescape
1,M,-2.276399347368421,0.5895359105263157
2,K,-1.586781794736842,0.7380431368421053
3,A,-1.6487866421052633,0.7246905736842105
4,I,-1.8420906736842106,0.6830630842105263
5,I,-1.9241502473684209,0.6653917684210526
6,A,-1.8873707736842107,0.6733121315789474
7,L,-1.8973945421052631,0.6711535578947369
8,S,-1.7253934578947367,0.7081935157894736
9,N,-1.6016077789473684,0.7348504157894736
10,I,-1.6220320894736842,0.7304520894736841
11,L,-1.6722929789473684,0.7196285578947369
12,C,-1.705793115789474,0.7124143789473684
13,L,-1.6162140999999999,0.7317049842105263
14,V,-1.6269102842105263,0.7294015842105263
15,F,-1.6625685368421053,0.7217226947368421
16,A,-1.7407361105263157,0.7048895210526316
17,Q,-1.8847593631578947,0.673874505263158
18,K,-1.631925947368421,0.7283214842105263
19,I,-1.7254055894736842,0.708190894736842
20,P,-1.3312746210526314,0.7930659157894737
21,G,-1.244527752631579,0.8117466157894737
22,N,-1.2704522157894738,0.8061638473684211
23,D,-1.0046938315789473,0.8633942
24,N,-1.3123625789473683,0.7971385842105263
25,S,-1.2607426368421053,0.8082547789473684
26,T,-1.3103138842105264,0.7975797421052632
27,A,-1.6123884210526316,0.7325288421052631
28,T,-1.457838252631579,0.7658107842105263
29,L,-1.991660389473684,0.6508536631578948
30,C,-1.9656662263157894,0.6564514368421053
31,L,-2.385364231578947,0.5660706263157894
32,G,-2.721093857894737,0.4937721789473684
33,H,-2.3533151473684213,0.5729723105263158
34,H,-1.957454957894737,0.6582197105263158
35,A,-2.3594696368421055,0.5716469578947369
36,V,-1.840957357894737,0.6833071368421052
37,P,-1.4289573894736842,0.7720302
38,N,-1.6240162,0.7300248263157895
39,G,-2.4709342157894736,0.5476433736842106
40,T,-2.1783745157894736,0.6106452894736842
41,I,-1.2584303157894736,0.8087527368421054
42,V,-2.912301494736842,0.45259614210526317
43,K,-1.653367742105263,0.7237040473684211
44,T,-2.5902633473684213,0.5219461736842105
45,I,-1.756063489473684,0.7015888
46,T,-1.6612093631578948,0.7220153894736842
47,N,-1.3875008,0.7809577684210527
48,D,-1.398264052631579,0.7786399210526316
49,R,-1.0264670157894737,0.8587053894736842
50,I,-1.7555012315789473,0.7017098736842106
51,E,-2.0104843789473685,0.6467999736842106
52,V,-3.033883242105263,0.4264138421052632
53,T,-3.0418644526315792,0.42469511578947367
54,N,-2.105244189473684,0.6263937105263158
55,A,-2.655485,0.5079008684210526
56,T,-2.1960354578947365,0.6068420578947368
57,E,-2.3678987210526317,0.5698317736842105
58,L,-2.883968889473684,0.45869748947368416
59,V,-2.605559405263158,0.5186522105263158
60,Q,-2.4073894315789475,0.561327552631579
61,N,-1.6048154157894736,0.7341596578947369
62,S,-1.4957322789473684,0.7576504052631579
63,S,-2.219992078947368,0.601683052631579
64,I,-1.3541772789473685,0.7881338894736842
65,G,-1.808323663157895,0.6903347210526316
66,K,-0.8914396578947369,0.8877831526315788
67,I,-2.9197319315789474,0.45099601052631577
68,C,-2.966490647368421,0.4409266578947369
69,N,-1.1214209157894737,0.8382573421052631
70,S,-1.3838926105263158,0.7817347789473684
71,P,-1.950209657894737,0.6597799578947369
72,H,-2.0161749894736842,0.6455745210526316
73,Q,-1.524756852631579,0.7514000526315789
74,I,-2.0516219736842105,0.6379410947368421
75,L,-2.3853518315789475,0.5660732947368421
76,D,-2.7105917789473684,0.49603376842105257
77,G,-3.318047978947368,0.36521974210526315
78,G,-1.6712098263157895,0.7198618052631579
79,N,-1.6880506263157897,0.7162351789473684
80,C,-3.916588531578947,0.2363257
81,T,-2.8193525263157895,0.47261244210526315
82,L,-4.015726184210527,0.2149766736842105
83,I,-3.382477168421053,0.3513451052631579
84,D,-3.052225089473684,0.4224639736842105
85,A,-3.1749275157894736,0.3960403473684211
86,L,-3.846038731578947,0.25151839473684207
87,L,-4.252824584210527,0.16391817368421052
88,G,-4.080875084210526,0.20094704210526315
89,D,-3.232014936842105,0.38374671578947367
90,P,-2.8551169210526317,0.4649106736842105
91,Q,-2.0769233315789477,0.6324925157894736
92,C,-3.7298798421052632,0.2765329052631579
93,D,-2.300497347368421,0.5843464736842104
94,G,-1.4566739473684212,0.7660615157894737
95,F,-2.0514200263157893,0.6379846052631578
96,Q,-1.8529117631578946,0.6807327947368421
97,N,-1.6229489526315788,0.730254647368421
98,K,-1.3027881368421053,0.7992004105263157
99,E,-1.3302043368421053,0.7932963894736842
100,W,-3.725134352631579,0.2775548210526316
101,D,-1.937126810526316,0.6625973052631579
102,L,-3.3423527631578946,0.3599857789473684
103,F,-3.2274139315789476,0.38473755263157894
104,V,-2.6723606157894735,0.5042667473684211
105,E,-3.170439005263158,0.39700693684210525
106,R,-2.2387076789473683,0.597652694736842
107,S,-1.5638851157894738,0.7429738842105263
108,R,-0.8802379578947367,0.8901954210526316
109,A,-2.1746036,0.6114573473684211
110,N,-1.3503147684210526,0.7889656736842106
111,S,-2.5696884368421054,0.5263769210526316
112,S,-1.2684862263157894,0.8065872315789474
113,C,-4.011898868421053,0.21580086842105264
114,Y,-3.501152705263158,0.32578865263157897
115,P,-3.3514802263157897,0.35802022105263154
116,Y,-3.459850078947368,0.33468306842105267
117,D,-2.0256759894736844,0.643528494736842
118,V,-3.1755831684210527,0.39589915263157893
119,P,-2.511821694736842,0.5388383631578947
120,D,-1.9096040210526315,0.6685242736842105
121,Y,-2.7601669368421056,0.4853578947368421
122,A,-2.191945152631579,0.6077228894736842
123,S,-2.6131191684210524,0.5170242263157895
124,L,-4.007963568421053,0.21664834210526318
125,R,-3.147398268421053,0.4019687
126,S,-3.0276816526315793,0.4277493473684211
127,L,-3.003261778947368,0.4330080842105263
128,V,-3.4139008736842107,0.34457808947368423
129,A,-3.861844147368421,0.24811474736842107
130,S,-2.8211830157894737,0.47221824736842105
131,S,-3.1351176210526317,0.4046132947368421
132,G,-3.8936862473684206,0.24125764210526315
133,T,-2.5563380263157893,0.5292518894736842
134,L,-3.069421247368421,0.41876083157894733
135,E,-1.7159599578947367,0.7102249842105263
136,F,-3.087279852631579,0.41491503684210523
137,K,-1.2661977736842105,0.8070800315789474
138,D,-0.9561465210526315,0.8738487105263159
139,E,-2.628716336842105,0.5136654210526316
140,S,-1.3623010315789472,0.7863844631578947
141,F,-3.2428454052631577,0.38141442105263157
142,N,-1.4614370631578948,0.7650357894736842
143,W,-3.203770642105263,0.38982906842105264
144,T,-1.383480489473684,0.7818235157894736
145,G,-1.9732482315789475,0.6548186684210526
146,V,-2.227747947368421,0.6000128526315789
147,K,-1.0577147210526316,0.8519762947368421
148,Q,-1.9381629421052633,0.6623741947368421
149,N,-1.4781758947368422,0.7614311263157895
150,G,-2.8579463421052633,0.46430136842105263
151,T,-1.807980747368421,0.6904085578947368
152,S,-2.8487997263157894,0.46627108421052627
153,S,-1.3184506157894738,0.7958275368421053
154,A,-2.071316257894737,0.6336999947368421
155,C,-3.9432407157894738,0.23058622105263157
156,K,-0.8050163421052631,0.9063941894736841
157,R,-1.4373327105263158,0.7702266
158,G,-1.274300752631579,0.8053350842105264
159,S,-1.3701064947368422,0.7847035789473684
160,S,-1.2135479578947368,0.8184180210526315
161,S,-1.3834196,0.7818366473684211
162,S,-2.0318262736842105,0.6422040473684211
163,F,-3.4944599157894736,0.32722995263157895
164,F,-4.066567605263158,0.20402811052631578
165,S,-2.7853278,0.4799395842105263
166,R,-2.3018184210526313,0.5840619789473684
167,L,-3.751635094736842,0.27184796842105263
168,N,-2.8591697947368417,0.46403790526315786
169,W,-3.142009184210526,0.4031292210526316
170,L,-3.2085099263157897,0.38880847368421056
171,T,-1.9206802736842106,0.6661390263157895
172,S,-1.2506461842105263,0.8104290210526316
173,L,-1.3304315894736842,0.7932474578947368
174,N,-1.2124654736842106,0.8186511263157895
175,N,-1.0662395157894737,0.8501405000000001
176,I,-1.0578949842105263,0.8519374631578948
177,Y,-2.873187094736842,0.4610193210526316
178,P,-1.9508174894736843,0.6596490526315789
179,A,-1.771088257894737,0.6983532631578947
180,Q,-2.2520910315789475,0.5947706368421052
181,N,-2.000936284210526,0.6488561263157895
182,V,-2.1364059157894735,0.6196831157894737
183,T,-1.8171947000000002,0.6884243578947369
184,M,-2.327368110526316,0.5785599263157895
185,P,-1.7671651000000002,0.6991981052631578
186,N,-2.8009752368421053,0.47656994736842107
187,K,-0.9663947315789473,0.8716418052631579
188,E,-1.4634900736842105,0.7645936736842106
189,Q,-1.2210041631578947,0.8168123473684211
190,F,-1.784844605263158,0.6953908736842106
191,D,-1.9994797947368421,0.6491697789473685
192,K,-2.7184269000000003,0.49434649473684206
193,L,-3.724898178947368,0.27760567894736843
194,Y,-3.599028236842105,0.30471143157894737
195,I,-3.4552732684210525,0.3356686578947368
196,W,-4.369161994736842,0.13886524210526316
197,G,-4.766871815789474,0.05321953684210526
198,V,-3.482089742105263,0.3298938210526316
199,H,-2.6585643578947367,0.5072377368421053
200,H,-2.9459517210526314,0.44534965263157894
201,P,-3.0754194157894736,0.41746914210526315
202,D,-1.2512753578947369,0.8102935315789473
203,T,-1.6269081210526315,0.729402052631579
204,D,-1.1337827842105264,0.8355952368421052
205,K,-0.8346932631578948,0.9000033315789473
206,N,-1.6147306157894736,0.732024447368421
207,Q,-3.0903969315789475,0.4142437842105263
208,F,-1.0634819,0.8507343421052632
209,S,-1.2161864578947368,0.8178498263157895
210,L,-2.0596895631578946,0.6362037736842105
211,F,-2.584652189473684,0.5231545000000001
212,A,-1.5297691578947368,0.7503206578947368
213,Q,-1.5903243263157893,0.7372802736842106
214,S,-1.3213141263157895,0.7952108736842105
215,S,-1.7213665894736843,0.7090606947368421
216,G,-3.0775719842105262,0.41700559473684207
217,R,-2.333450410526316,0.5772501157894737
218,I,-3.6557701000000002,0.29249224210526314
219,T,-3.541137994736842,0.31717793684210527
220,V,-3.967497426315789,0.2253626052631579
221,S,-3.562150842105263,0.3126528736842105
222,T,-3.8671526631578947,0.2469715789473684
223,K,-1.5632731210526316,0.7431056736842105
224,R,-1.6163908578947368,0.7316669210526315
225,S,-2.8789527684210525,0.4597776947368421
226,Q,-3.4753879999999997,0.3313370263157895
227,Q,-3.4494026736842103,0.3369328736842105
228,A,-3.295156194736842,0.3701494421052632
229,V,-3.027966494736842,0.4276879947368421
230,I,-2.0544486631578947,0.6373323947368421
231,P,-3.2792180263157897,0.37358168421052634
232,N,-1.484181147368421,0.7601379157894738
233,I,-1.8391909210526318,0.683687552631579
234,G,-1.9801548578947368,0.6533313368421053
235,S,-1.3792882842105263,0.7827263
236,R,-1.3737671210526317,0.7839152789473683
237,P,-1.7317503105263157,0.7068245684210526
238,R,-0.9737442263157895,0.8700590947368421
239,V,-1.2759511842105262,0.8049796684210526
240,R,-1.8636949052631577,0.6784106789473684
241,D,-1.2962079421052632,0.8006174210526316
242,I,-1.8509740210526315,0.6811500736842104
243,P,-1.5701793105263158,0.7416184473684211
244,S,-2.396998794736842,0.5635651473684211
245,R,-1.5124606263157896,0.7540480052631579
246,I,-3.212812794736842,0.3878818578947369
247,S,-3.0998666894736844,0.4122044894736842
248,I,-3.4827638631578948,0.32974863157894735
249,Y,-3.2934028157894737,0.37052702631578943
250,W,-3.6732878263157893,0.28871982631578946
251,T,-3.7851036157894735,0.2646406
252,I,-2.6899876210526315,0.5004708157894736
253,V,-3.2538642684210526,0.3790415368421053
254,K,-1.7519819684210527,0.702467747368421
255,P,-1.817467889473684,0.6883655368421052
256,G,-2.042845294736842,0.6398311263157894
257,D,-2.6815972631578946,0.5022776684210527
258,I,-2.039599157894737,0.6405301789473684
259,L,-3.454106347368421,0.33591994736842107
260,L,-2.7867589,0.47963140000000004
261,I,-3.5429417473684213,0.3167895052631579
262,N,-2.831499142105263,0.46999671052631575
263,S,-3.5546822105263156,0.31426123157894736
264,T,-2.2743292157894737,0.5899817157894737
265,G,-4.021220873684211,0.21379341052631576
266,N,-4.099603805263158,0.19691386842105263
267,L,-4.039975268421053,0.20975470000000002
268,I,-3.3784415736842104,0.35221415789473687
269,A,-4.057156984210526,0.20605467894736842
270,P,-4.028035010526316,0.2123259947368421
271,R,-1.9678673736842105,0.6559774210526316
272,G,-3.1534433631578946,0.4006668947368421
273,Y,-2.637545252631579,0.5117641421052631
274,F,-3.405777310526316,0.3463274842105263
275,K,-1.6221775999999999,0.7304207736842105
276,I,-2.4797478526315793,0.5457453631578947
277,R,-1.273454389473684,0.8055173421052632
278,S,-1.5145488684210526,0.753598305263158
279,G,-2.1624953842105263,0.6140648263157895
280,K,-1.4154714263157895,0.7749343684210527
281,S,-3.0233818789473683,0.4286752736842105
282,S,-3.4031503736842104,0.3468931947368421
283,I,-3.4011816789473683,0.34731714736842106
284,M,-3.0699748315789477,0.4186416210526316
285,R,-1.8226449263157896,0.6872506736842106
286,S,-2.8087258263157895,0.4749008736842105
287,D,-1.4968539421052631,0.7574088684210526
288,A,-2.170609184210526,0.6123175315789474
289,P,-1.4807834631578947,0.7608696
290,I,-1.8824961157894737,0.6743618789473684
291,G,-1.454197863157895,0.7665947368421053
292,E,-0.7323252684210526,0.9220479947368421
293,C,-2.452437905263158,0.551626494736842
294,K,-1.016387905263158,0.8608759157894736
295,S,-2.3052712263157895,0.5833184368421053
296,E,-1.5497861473684211,0.7460100578947368
297,C,-4.054242042105264,0.2066823947368421
298,I,-2.9543120315789473,0.44354928947368427
299,T,-3.5822703315789473,0.3083202
300,P,-3.371350442105263,0.35374120000000003
301,N,-2.2257153578947366,0.6004505684210526
302,G,-3.2871692578947367,0.3718693947368421
303,S,-3.085511847368421,0.41529577368421056
304,I,-3.0516086894736842,0.4225967210526315
305,P,-1.9501736052631578,0.6597877263157895
306,N,-2.1781430210526316,0.6106951421052632
307,D,-1.4508832736842106,0.7673085157894737
308,K,-1.8736128736842106,0.6762748684210527
309,P,-3.5317770157894737,0.3191937947368421
310,F,-3.4798734157894735,0.3303710789473684
311,Q,-3.3639935052631578,0.3553255052631579
312,N,-2.304316978947368,0.5835239263157895
313,V,-2.511747957894737,0.5388542421052631
314,N,-2.8320937842105263,0.46986865263157895
315,R,-1.5489053,0.7461997421052632
316,I,-2.733113005263158,0.4911838736842105
317,T,-3.411720094736842,0.34504773684210527
318,Y,-3.343556731578947,0.3597265210526316
319,G,-3.463779905263158,0.3338367842105263
320,A,-2.116037042105263,0.6240694947368421
321,C,-4.203189973684211,0.17460685789473684
322,P,-3.316335,0.36558863157894733
323,R,-1.8815570473684209,0.6745641315789473
324,Y,-2.8049906052631584,0.47570525789473683
325,V,-2.4570856473684213,0.5506256
326,K,-1.5071566631578948,0.7551901947368421
327,Q,-1.994757889473684,0.6501866157894737
328,S,-1.4082743052631579,0.776484247368421
329,T,-1.898369957894737,0.6709434947368421
330,L,-2.8848535842105263,0.4585069578947369
331,K,-1.7768351421052633,0.6971156789473685
332,L,-3.1961130263157895,0.3914781105263158
333,A,-3.6712490842105265,0.2891588789473684
334,T,-2.6139815842105265,0.5168385052631579
335,G,-3.3560486,0.3570364315789474
336,M,-3.1812919842105263,0.39466977894736843
337,R,-1.8141603947368423,0.6890777947368422
338,N,-2.547971642105263,0.5310535684210527
339,V,-1.6718387526315788,0.7197263684210526
340,P,-2.1081543315789477,0.6257670210526316
341,E,-1.419399405263158,0.7740884894736841
342,K,-1.162317194736842,0.8294504368421053
343,Q,-2.219750284210526,0.6017351421052631
344,T,-2.064954110526316,0.6350700578947368
345,R,-1.9136197421052632,0.6676594894736843
346,G,-2.6911310684210528,0.5002245789473685
347,I,-2.1980951736842105,0.6063985052631579
348,F,-2.265442194736842,0.5918955105263158
349,G,-2.4211006315789474,0.5583748894736842
350,A,-2.679110694736842,0.5028131263157894
351,I,-2.0447633526315787,0.6394180789473684
352,A,-2.2931975631578947,0.5859184526315789
353,G,-2.3676288052631578,0.5698898894736842
354,F,-2.2549332,0.5941585842105264
355,I,-2.307871010526316,0.5827585842105263
356,E,-2.4846593631578946,0.5446876842105264
357,N,-2.4994068789473682,0.541511852631579
358,G,-2.803490589473684,0.4760282947368421
359,W,-2.802943447368421,0.4761460894736842
360,E,-2.031954847368421,0.6421763631578947
361,G,-3.020189468421053,0.42936276842105264
362,M,-2.4281563263157895,0.5568554684210527
363,V,-1.8126182631578946,0.6894098789473685
364,D,-1.794700952631579,0.6932683263157895
365,G,-2.8533756368421055,0.46528565789473686
366,W,-2.886766094736842,0.4580951105263158
367,Y,-2.6938203,0.4996454631578947
368,G,-2.417073947368421,0.5592420263157895
369,F,-2.421624763157895,0.5582620157894737
370,R,-1.778949394736842,0.6966603894736841
371,H,-2.3186976789473683,0.5804270894736842
372,Q,-2.0422957947368423,0.6399494684210526
373,N,-2.7418178105263156,0.4893093263157895
374,S,-2.1607255210526315,0.614445947368421
375,E,-2.2012226210526316,0.6057250052631579
376,G,-3.2274749315789477,0.3847243947368421
377,R,-1.5775696,0.7400269684210526
378,G,-2.832400984210526,0.4698024894736842
379,Q,-2.483082047368421,0.5450273578947368
380,A,-2.472537715789474,0.5472980631578948
381,A,-2.537613789473684,0.5332840947368421
382,D,-2.254861731578947,0.5941739736842105
383,L,-2.2049684052631577,0.6049183578947368
384,K,-1.8030930105263159,0.6914611315789474
385,S,-3.0986547789473686,0.4124654842105263
386,T,-2.629676042105263,0.5134587526315789
387,Q,-2.8303111263157894,0.4702525421052632
388,A,-2.0928958947368423,0.6290528684210527
389,A,-2.345758678947368,0.5745995684210525
390,I,-2.142523673684211,0.6183656684210527
391,D,-1.7719983052631578,0.6981572894736842
392,Q,-2.2860293315789475,0.5874621263157894
393,I,-2.457434789473684,0.5505504210526315
394,S,-1.7627909105263158,0.7001400684210527
395,G,-2.5339001789473685,0.5340838210526315
396,K,-2.736343015789474,0.49048830000000004
397,L,-2.1513396263157896,0.6164671842105264
398,N,-2.206559636842105,0.6045757
399,R,-1.9453600210526316,0.6608243105263159
400,L,-2.3131812631578947,0.5816150157894736
401,I,-2.1417681105263155,0.6185283789473685
402,G,-2.241518815789474,0.5970473315789474
403,K,-2.060350689473684,0.6360613894736842
404,T,-2.5079322947368423,0.5396759263157895
405,N,-2.4844704,0.5447283894736842
406,E,-1.9927968842105261,0.6506089157894737
407,K,-2.4949418894736843,0.5424733789473685
408,F,-2.608216447368421,0.5180800157894737
409,H,-2.6037862473684212,0.5190340473684211
410,Q,-2.5413926842105266,0.5324703315789474
411,I,-2.5186222052631577,0.5373738894736843
412,E,-2.4786748157894736,0.5459764421052631
413,K,-2.3346837842105264,0.5769845157894737
414,E,-2.8499811736842107,0.4660166473684211
415,F,-2.9242759105263154,0.4500174842105263
416,S,-2.189090405263158,0.6083376526315789
417,E,-2.104596236842105,0.6265332368421053
418,V,-2.2068997684210525,0.6045024526315789
419,E,-2.3312676315789473,0.5777201736842105
420,G,-2.499777542105263,0.5414320210526317
421,R,-2.3963416736842107,0.5637066736842106
422,V,-2.1083668210526314,0.625721252631579
423,Q,-2.408980847368421,0.5609848578947368
424,D,-1.9582969789473683,0.6580383789473685
425,L,-2.0852105315789475,0.6307078947368421
426,E,-2.329103,0.5781863263157895
427,K,-1.8059017736842107,0.6908562684210526
428,Y,-2.576230663157895,0.5249680789473684
429,V,-2.225391963157895,0.6005202210526316
430,E,-2.436310631578947,0.5550994473684211
431,D,-2.4999516315789476,0.5413945473684211
432,T,-2.395315305263158,0.5639276684210526
433,K,-2.3056364578947366,0.5832397842105262
434,I,-1.9269546315789474,0.6647878684210526
435,D,-2.734934,0.4907917368421053
436,L,-2.1552249263157894,0.6156304842105262
437,W,-2.751291,0.48726930526315787
438,S,-2.4673613105263157,0.5484127684210526
439,Y,-2.492589447368421,0.5429799684210527
440,N,-2.4886819684210524,0.5438214263157896
441,A,-2.440678168421053,0.5541589157894736
442,E,-2.1630378526315788,0.6139479947368421
443,L,-2.212590163157895,0.603277052631579
444,L,-2.547006147368421,0.5312614842105263
445,V,-2.162629363157895,0.6140359736842105
446,A,-2.2796480736842106,0.5888363105263158
447,L,-2.237153447368421,0.5979874105263158
448,E,-2.3231623210526315,0.5794656315789474
449,N,-2.599376768421053,0.5199836105263158
450,Q,-2.4298622789473683,0.5564880894736842
451,H,-2.153605036842105,0.6159793263157894
452,T,-2.6375083684210527,0.5117720894736842
453,I,-2.027138615789474,0.6432135210526316
454,D,-2.2750947315789474,0.5898168526315789
455,L,-2.1673997000000003,0.6130086789473684
456,T,-2.2178508,0.6021441894736842
457,D,-2.3294246894736843,0.5781170473684211
458,S,-2.344354957894737,0.5749018631578947
459,E,-2.075145947368421,0.6328752684210526
460,M,-2.5548179473684214,0.5295792421052631
461,N,-2.004055989473684,0.648184294736842
462,K,-1.798236142105263,0.6925070315789474
463,L,-2.4334377210526315,0.5557181263157895
464,F,-2.3343283105263155,0.5770610631578947
465,E,-2.352813936842105,0.573080252631579
466,K,-1.6982740578947368,0.7140335842105263
467,T,-2.6389342315789475,0.5114650315789474
468,K,-1.8367515578947369,0.684212847368421
469,K,-1.7936624157894736,0.6934919789473684
470,Q,-2.130825894736842,0.6208847578947368
471,L,-2.6964570210526317,0.49907765789473685
472,R,-1.960119542105263,0.6576459
473,E,-2.3492045999999998,0.5738574894736842
474,N,-2.9321116263157894,0.44833008421052634
475,A,-2.9917189736842107,0.4354938105263158
476,E,-2.2858367315789474,0.5875035894736842
477,D,-2.4006078894736844,0.5627879578947369
478,M,-2.3161038736842103,0.5809856421052632
479,G,-3.0976317736842103,0.4126857736842105
480,N,-2.5005777315789475,0.5412597263157896
481,G,-2.8048538631578945,0.47573470526315786
482,C,-2.932633526315789,0.4482177
483,F,-2.2767063315789473,0.5894698
484,K,-1.997164142105263,0.6496684315789474
485,I,-2.6316077157894737,0.5130427631578948
486,Y,-2.4728821789473687,0.5472238842105263
487,H,-2.6230897736842103,0.5148770842105264
488,K,-1.8327043368421052,0.6850844157894737
489,C,-2.898494052631579,0.4555695315789474
490,D,-2.1084301263157896,0.6257076263157895
491,N,-2.367414968421053,0.569935952631579
492,A,-1.9567461789473686,0.6583723368421053
493,C,-3.0302235315789474,0.42720194210526313
494,I,-2.0938080105263155,0.6288564526315789
495,G,-2.048083605263158,0.6387030789473684
496,S,-2.392567315789474,0.5645194684210526
497,I,-2.5473226315789472,0.5311933157894737
498,R,-2.114253505263158,0.6244535736842106
499,N,-2.5836847210526317,0.523362852631579
500,E,-1.9034441789473686,0.6698507894736841
501,T,-2.6687488947368423,0.5050445210526316
502,Y,-3.203877405263158,0.3898060578947368
503,D,-1.755569947368421,0.7016950736842106
504,H,-2.2766746157894735,0.5894766263157895
505,N,-1.7777739894736841,0.6969135157894737
506,V,-1.957360447368421,0.658240047368421
507,Y,-2.371970157894737,0.5689550052631579
508,R,-1.9610617789473686,0.6574429789473685
509,D,-1.7657648947368418,0.6994996421052632
510,E,-2.9603609421052632,0.442246652631579
511,A,-2.7987545315789473,0.47704816842105263
512,L,-2.0587264631578948,0.6364111578947369
513,N,-1.9430418999999999,0.6613235210526316
514,N,-2.550141078947368,0.5305863842105264
515,R,-2.452456536842105,0.5516224842105263
516,F,-2.6479573894736843,0.5095219210526316
517,Q,-2.1449193052631577,0.6178497736842106
518,I,-2.1357987157894733,0.6198138684210527
519,K,-1.7514366,0.7025851894736842
520,G,-2.0916135315789472,0.6293290263157895
521,V,-2.0224903684210527,0.6442145052631579
522,E,-1.7656001684210527,0.6995351052631579
523,L,-2.490119657894737,0.5435118263157894
524,K,-1.8472631315789474,0.6819492052631579
525,S,-2.1027106421052633,0.6269393052631579
526,G,-2.1662195315789474,0.6132628421052632
527,Y,-2.388689563157895,0.5653545052631579
528,K,-1.9602151684210527,0.6576253052631579
529,D,-1.8344439631578946,0.6847097842105263
530,W,-2.3282970578947366,0.5783598894736842
531,I,-2.1482295000000002,0.617136952631579
532,L,-2.0684630105263158,0.6343144315789474
533,W,-2.479016252631579,0.5459029210526316
534,I,-2.1313672210526313,0.6207681736842104
535,S,-2.6085404315789473,0.518010247368421
536,F,-2.470644442105263,0.5477057578947369
537,A,-2.2700119736842104,0.5909114157894737
538,M,-1.9776848368421052,0.653863252631579
539,S,-2.620943094736842,0.5153393736842106
540,C,-2.241112210526316,0.5971349052631579
541,F,-2.2642820210526313,0.592145352631579
542,L,-2.0251169947368424,0.6436488684210527
543,L,-2.0568986789473684,0.6368047842105263
544,C,-2.176211705263158,0.6111110368421052
545,I,-1.7323849210526319,0.7066879263157895
546,A,-1.8655652894736843,0.6780078947368421
547,L,-1.8436726315789476,0.6827224157894737
548,L,-1.9253137789473682,0.6651412157894737
549,G,-2.627282831578947,0.5139741157894736
550,F,-1.939781042105263,0.6620257315789474
551,I,-1.7928054842105265,0.6936765210526316
552,M,-1.848249142105263,0.6817368842105264
553,W,-2.247042157894737,0.5958579052631578
554,A,-2.035557189473684,0.6414006052631579
555,C,-2.111516489473684,0.6250429736842105
556,Q,-1.9843865789473683,0.652420052631579
557,K,-1.6975754842105264,0.7141840421052631
558,G,-2.590361405263158,0.5219250421052631
559,N,-1.955058205263158,0.6587358368421053
560,I,-1.945462705263158,0.6608022105263158
561,R,-1.6091401736842106,0.7332283315789474
562,C,-2.3687542684210525,0.5696475315789474
563,N,-1.9643319210526313,0.6567387736842105
564,I,-2.4102087210526317,0.560720447368421
565,C,-2.3687480736842104,0.5696488684210527
566,I,-2.083984810526316,0.6309718684210527
