subtype,year,hemisphere,truth_clade,pred_clade,score,correct,scenario,dataset,strategy,combo,method
H3N2,2013,south,3C.3a,3C.3a,-0.400834,True,dms_total_escape_replacement,hk19,site_max_positive,E,fit
H3N2,2013,north,3C.3a,3C.3a,-0.400834,True,dms_total_escape_replacement,hk19,site_max_positive,E,fit
H3N2,2014,south,3C.3a,3C.3a,-0.693147,True,dms_total_escape_replacement,hk19,site_max_positive,E,fit
H3N2,2014,north,3C.2,3C.3a,-0.693147,False,dms_total_escape_replacement,hk19,site_max_positive,E,fit
H3N2,2015,south,3C.2,3C.2,-0.217622,True,dms_total_escape_replacement,hk19,site_max_positive,E,fit
H3N2,2015,north,3C.2,3C.3a,-0.217622,False,dms_total_escape_replacement,hk19,site_max_positive,E,fit
H3N2,2016,south,3C.2a,3C.2,-0.217622,False,dms_total_escape_replacement,hk19,site_max_positive,E,fit
H3N2,2016,north,3C.2a1,3C.2,-0.217622,False,dms_total_escape_replacement,hk19,site_max_positive,E,fit
H3N2,2017,south,3C.2a1,3C.3a,-0.049222,False,dms_total_escape_replacement,hk19,site_max_positive,E,fit
H3N2,2017,north,3C.2a2,3C.3a,-0.020909,False,dms_total_escape_replacement,hk19,site_max_positive,E,fit
H3N2,2018,south,3C.2a2,3C.3a,-0.04816,False,dms_total_escape_replacement,hk19,site_max_positive,E,fit
H3N2,2018,north,3C.2a1b.1,3C.2,-0.040418,False,dms_total_escape_replacement,hk19,site_max_positive,E,fit
H3N2,2019,south,3C.3a1,3C.3a1,-0.02141,True,dms_total_escape_replacement,hk19,site_max_positive,E,fit
H3N2,2019,north,3C.3a1,3C.3a1,-0.03082,True,dms_total_escape_replacement,hk19,site_max_positive,E,fit
H3N2,2020,south,3C.3a1,3C.2a1b.1b,-0.035418,False,dms_total_escape_replacement,hk19,site_max_positive,E,fit
H3N2,2020,north,3C.2a1b.2a.2,3C.2a1b.1b,-0.062583,False,dms_total_escape_replacement,hk19,site_max_positive,E,fit
H3N2,2021,south,3C.2a1b.2a.2c,3C.2a1b.1b,-0.04143,False,dms_total_escape_replacement,hk19,site_max_positive,E,fit
H3N2,2021,north,3C.2a1b.2a.2a.1a,3C.2a1b.2a.1a,-0.693147,False,dms_total_escape_replacement,hk19,site_max_positive,E,fit
H3N2,2022,south,3C.2a1b.2a.2a.1,3C.2a1b.2a.2a.2,-0.068822,False,dms_total_escape_replacement,hk19,site_max_positive,E,fit
H3N2,2022,north,3C.2a1b.2a.2b,3C.2a1b.2a.2a.3,-0.039705,False,dms_total_escape_replacement,hk19,site_max_positive,E,fit
H3N2,2023,south,3C.2a1b.2a.2a.3a.1,3C.2a1b.2a.2a.3a.1,-0.030402,True,dms_total_escape_replacement,hk19,site_max_positive,E,fit
H3N2,2023,north,3C.2a1b.2a.2a.3a.1,3C.2a1b.2a.2a.3,-0.01048,False,dms_total_escape_replacement,hk19,site_max_positive,E,fit
H3N2,2024,south,3C.2a1b.2a.2a.3a.1,3C.2a1b.2a.2a.3a,-0.080707,False,dms_total_escape_replacement,hk19,site_max_positive,E,fit
H3N2,2024,north,3C.2a1b.2a.2a.3a.1,3C.2a1b.2a.2a.3a.1,-0.693147,True,dms_total_escape_replacement,hk19,site_max_positive,E,fit
H3N2,2013,south,3C.3a,3C.2,0.619163,False,dms_total_escape_replacement,hk19,site_max_positive,E,freq
H3N2,2013,north,3C.3a,3C.3a,0.541929,True,dms_total_escape_replacement,hk19,site_max_positive,E,freq
H3N2,2014,south,3C.3a,3C.3a,1.0,True,dms_total_escape_replacement,hk19,site_max_positive,E,freq
H3N2,2014,north,3C.2,3C.3a,1.0,False,dms_total_escape_replacement,hk19,site_max_positive,E,freq
H3N2,2015,south,3C.2,3C.2,0.700169,True,dms_total_escape_replacement,hk19,site_max_positive,E,freq
H3N2,2015,north,3C.2,3C.3a,0.692884,False,dms_total_escape_replacement,hk19,site_max_positive,E,freq
H3N2,2016,south,3C.2a,3C.2,0.92659,False,dms_total_escape_replacement,hk19,site_max_positive,E,freq
H3N2,2016,north,3C.2a1,3C.2,0.919536,False,dms_total_escape_replacement,hk19,site_max_positive,E,freq
H3N2,2017,south,3C.2a1,3C.3a,0.662546,False,dms_total_escape_replacement,hk19,site_max_positive,E,freq
H3N2,2017,north,3C.2a2,3C.2a1,0.271847,False,dms_total_escape_replacement,hk19,site_max_positive,E,freq
H3N2,2018,south,3C.2a2,3C.2a1,0.471718,False,dms_total_escape_replacement,hk19,site_max_positive,E,freq
H3N2,2018,north,3C.2a1b.1,3C.2a2,0.629811,False,dms_total_escape_replacement,hk19,site_max_positive,E,freq
H3N2,2019,south,3C.3a1,3C.2a2,0.638084,False,dms_total_escape_replacement,hk19,site_max_positive,E,freq
H3N2,2019,north,3C.3a1,3C.2a1b.1,0.35323,False,dms_total_escape_replacement,hk19,site_max_positive,E,freq
H3N2,2020,south,3C.3a1,3C.3a1,0.302842,True,dms_total_escape_replacement,hk19,site_max_positive,E,freq
H3N2,2020,north,3C.2a1b.2a.2,3C.3a1,0.428656,False,dms_total_escape_replacement,hk19,site_max_positive,E,freq
H3N2,2021,south,3C.2a1b.2a.2c,3C.3a1,0.523306,False,dms_total_escape_replacement,hk19,site_max_positive,E,freq
H3N2,2021,north,3C.2a1b.2a.2a.1a,3C.2a1b.2a.1a,1.0,False,dms_total_escape_replacement,hk19,site_max_positive,E,freq
H3N2,2022,south,3C.2a1b.2a.2a.1,3C.2a1b.2a.1,0.414064,False,dms_total_escape_replacement,hk19,site_max_positive,E,freq
H3N2,2022,north,3C.2a1b.2a.2b,3C.2a1b.2a.2a.3,0.549132,False,dms_total_escape_replacement,hk19,site_max_positive,E,freq
H3N2,2023,south,3C.2a1b.2a.2a.3a.1,3C.2a1b.2a.2a.1,0.425844,False,dms_total_escape_replacement,hk19,site_max_positive,E,freq
H3N2,2023,north,3C.2a1b.2a.2a.3a.1,3C.2a1b.2a.2b,0.69507,False,dms_total_escape_replacement,hk19,site_max_positive,E,freq
H3N2,2024,south,3C.2a1b.2a.2a.3a.1,3C.2a1b.2a.2b,0.471151,False,dms_total_escape_replacement,hk19,site_max_positive,E,freq
H3N2,2024,north,3C.2a1b.2a.2a.3a.1,3C.2a1b.2a.2a.3a.1,1.0,True,dms_total_escape_replacement,hk19,site_max_positive,E,freq
H3N2,2013,south,3C.3a,3C.2,-0.400834,False,dms_total_escape_replacement,hk19,site_max_positive,G,fit
H3N2,2013,north,3C.3a,3C.3a,-0.400834,True,dms_total_escape_replacement,hk19,site_max_positive,G,fit
H3N2,2014,south,3C.3a,3C.3a,-0.693147,True,dms_total_escape_replacement,hk19,site_max_positive,G,fit
H3N2,2014,north,3C.2,3C.3a,-0.693147,False,dms_total_escape_replacement,hk19,site_max_positive,G,fit
H3N2,2015,south,3C.2,3C.2,-0.157614,True,dms_total_escape_replacement,hk19,site_max_positive,G,fit
H3N2,2015,north,3C.2,3C.3a,-0.157614,False,dms_total_escape_replacement,hk19,site_max_positive,G,fit
H3N2,2016,south,3C.2a,3C.2,-0.157614,False,dms_total_escape_replacement,hk19,site_max_positive,G,fit
H3N2,2016,north,3C.2a1,3C.2a,-0.217622,False,dms_total_escape_replacement,hk19,site_max_positive,G,fit
H3N2,2017,south,3C.2a1,3C.2a,-0.205834,False,dms_total_escape_replacement,hk19,site_max_positive,G,fit
H3N2,2017,north,3C.2a2,3C.2a3,-0.035301,False,dms_total_escape_replacement,hk19,site_max_positive,G,fit
H3N2,2018,south,3C.2a2,3C.2a1,-0.035008,False,dms_total_escape_replacement,hk19,site_max_positive,G,fit
H3N2,2018,north,3C.2a1b.1,3C.2a1b.1,-0.039839,True,dms_total_escape_replacement,hk19,site_max_positive,G,fit
H3N2,2019,south,3C.3a1,3C.2a2,-0.008336,False,dms_total_escape_replacement,hk19,site_max_positive,G,fit
H3N2,2019,north,3C.3a1,3C.2a1b.1,-0.021926,False,dms_total_escape_replacement,hk19,site_max_positive,G,fit
H3N2,2020,south,3C.3a1,3C.3a,-0.03355,False,dms_total_escape_replacement,hk19,site_max_positive,G,fit
H3N2,2020,north,3C.2a1b.2a.2,3C.2a1b.2b,-0.015636,False,dms_total_escape_replacement,hk19,site_max_positive,G,fit
H3N2,2021,south,3C.2a1b.2a.2c,3C.2a1b.1a,-0.619567,False,dms_total_escape_replacement,hk19,site_max_positive,G,fit
H3N2,2021,north,3C.2a1b.2a.2a.1a,3C.2a1b.2a.1a,-0.693147,False,dms_total_escape_replacement,hk19,site_max_positive,G,fit
H3N2,2022,south,3C.2a1b.2a.2a.1,3C.2a1b.2a.2d,-0.628283,False,dms_total_escape_replacement,hk19,site_max_positive,G,fit
H3N2,2022,north,3C.2a1b.2a.2b,3C.2a1b.2a.2a.1,-0.62938,False,dms_total_escape_replacement,hk19,site_max_positive,G,fit
H3N2,2023,south,3C.2a1b.2a.2a.3a.1,3C.2a1b.2a.2a.1a,-0.606786,False,dms_total_escape_replacement,hk19,site_max_positive,G,fit
H3N2,2023,north,3C.2a1b.2a.2a.3a.1,3C.2a1b.2a.2a.1b,-0.594438,False,dms_total_escape_replacement,hk19,site_max_positive,G,fit
H3N2,2024,south,3C.2a1b.2a.2a.3a.1,3C.2a1b.2a.2a.3a.1,-0.637811,True,dms_total_escape_replacement,hk19,site_max_positive,G,fit
H3N2,2024,north,3C.2a1b.2a.2a.3a.1,3C.2a1b.2a.2a.3a.1,-0.693147,True,dms_total_escape_replacement,hk19,site_max_positive,G,fit
H3N2,2013,south,3C.3a,3C.2,0.869915,False,dms_total_escape_replacement,hk19,site_max_positive,G,freq
H3N2,2013,north,3C.3a,3C.3a,0.541929,True,dms_total_escape_replacement,hk19,site_max_positive,G,freq
H3N2,2014,south,3C.3a,3C.3a,1.0,True,dms_total_escape_replacement,hk19,site_max_positive,G,freq
H3N2,2014,north,3C.2,3C.3a,1.0,False,dms_total_escape_replacement,hk19,site_max_positive,G,freq
H3N2,2015,south,3C.2,3C.2,0.768819,True,dms_total_escape_replacement,hk19,site_max_positive,G,freq
H3N2,2015,north,3C.2,3C.3a,0.762637,False,dms_total_escape_replacement,hk19,site_max_positive,G,freq
H3N2,2016,south,3C.2a,3C.2,0.947301,False,dms_total_escape_replacement,hk19,site_max_positive,G,freq
H3N2,2016,north,3C.2a1,3C.2a,0.596854,False,dms_total_escape_replacement,hk19,site_max_positive,G,freq
H3N2,2017,south,3C.2a1,3C.3a,0.446879,False,dms_total_escape_replacement,hk19,site_max_positive,G,freq
H3N2,2017,north,3C.2a2,3C.2a1,0.593752,False,dms_total_escape_replacement,hk19,site_max_positive,G,freq
H3N2,2018,south,3C.2a2,3C.2a1,0.570135,False,dms_total_escape_replacement,hk19,site_max_positive,G,freq
H3N2,2018,north,3C.2a1b.1,3C.2a2,0.453188,False,dms_total_escape_replacement,hk19,site_max_positive,G,freq
H3N2,2019,south,3C.3a1,3C.2a2,0.868246,False,dms_total_escape_replacement,hk19,site_max_positive,G,freq
H3N2,2019,north,3C.3a1,3C.2a1b.1,0.719666,False,dms_total_escape_replacement,hk19,site_max_positive,G,freq
H3N2,2020,south,3C.3a1,3C.2a1b.2,0.483936,False,dms_total_escape_replacement,hk19,site_max_positive,G,freq
H3N2,2020,north,3C.2a1b.2a.2,3C.2a1b.2b,0.435843,False,dms_total_escape_replacement,hk19,site_max_positive,G,freq
H3N2,2021,south,3C.2a1b.2a.2c,3C.3a1,0.423732,False,dms_total_escape_replacement,hk19,site_max_positive,G,freq
H3N2,2021,north,3C.2a1b.2a.2a.1a,3C.2a1b.2a.1a,1.0,False,dms_total_escape_replacement,hk19,site_max_positive,G,freq
H3N2,2022,south,3C.2a1b.2a.2a.1,3C.2a1b.2a.2d,0.371425,False,dms_total_escape_replacement,hk19,site_max_positive,G,freq
H3N2,2022,north,3C.2a1b.2a.2b,3C.2a1b.2a.2a.1a,0.429425,False,dms_total_escape_replacement,hk19,site_max_positive,G,freq
H3N2,2023,south,3C.2a1b.2a.2a.3a.1,3C.2a1b.2a.2a.1,0.481252,False,dms_total_escape_replacement,hk19,site_max_positive,G,freq
H3N2,2023,north,3C.2a1b.2a.2a.3a.1,3C.2a1b.2a.2b,0.574618,False,dms_total_escape_replacement,hk19,site_max_positive,G,freq
H3N2,2024,south,3C.2a1b.2a.2a.3a.1,3C.2a1b.2a.2a.3a.1,0.476072,True,dms_total_escape_replacement,hk19,site_max_positive,G,freq
H3N2,2024,north,3C.2a1b.2a.2a.3a.1,3C.2a1b.2a.2a.3a.1,1.0,True,dms_total_escape_replacement,hk19,site_max_positive,G,freq
H3N2,2013,south,3C.3a,3C.3a,-0.400834,True,dms_total_escape_replacement,hk19,site_max_positive,D,fit
H3N2,2013,north,3C.3a,3C.3a,-0.400834,True,dms_total_escape_replacement,hk19,site_max_positive,D,fit
H3N2,2014,south,3C.3a,3C.3a,-0.693147,True,dms_total_escape_replacement,hk19,site_max_positive,D,fit
H3N2,2014,north,3C.2,3C.3a,-0.693147,False,dms_total_escape_replacement,hk19,site_max_positive,D,fit
H3N2,2015,south,3C.2,3C.2,-0.217622,True,dms_total_escape_replacement,hk19,site_max_positive,D,fit
H3N2,2015,north,3C.2,3C.2,-0.217622,True,dms_total_escape_replacement,hk19,site_max_positive,D,fit
H3N2,2016,south,3C.2a,3C.2,-0.693147,False,dms_total_escape_replacement,hk19,site_max_positive,D,fit
H3N2,2016,north,3C.2a1,3C.2a,-0.217622,False,dms_total_escape_replacement,hk19,site_max_positive,D,fit
H3N2,2017,south,3C.2a1,3C.3a,-0.048889,False,dms_total_escape_replacement,hk19,site_max_positive,D,fit
H3N2,2017,north,3C.2a2,3C.2a,-0.007342,False,dms_total_escape_replacement,hk19,site_max_positive,D,fit
H3N2,2018,south,3C.2a2,3C.2a2,-0.028648,True,dms_total_escape_replacement,hk19,site_max_positive,D,fit
H3N2,2018,north,3C.2a1b.1,3C.2,-0.107641,False,dms_total_escape_replacement,hk19,site_max_positive,D,fit
H3N2,2019,south,3C.3a1,3C.2a2,-0.021295,False,dms_total_escape_replacement,hk19,site_max_positive,D,fit
H3N2,2019,north,3C.3a1,3C.2a1b.2,-0.016083,False,dms_total_escape_replacement,hk19,site_max_positive,D,fit
H3N2,2020,south,3C.3a1,3C.3a1,-0.030286,True,dms_total_escape_replacement,hk19,site_max_positive,D,fit
H3N2,2020,north,3C.2a1b.2a.2,3C.3a1,-0.040067,False,dms_total_escape_replacement,hk19,site_max_positive,D,fit
H3N2,2021,south,3C.2a1b.2a.2c,3C.3a1,-0.032036,False,dms_total_escape_replacement,hk19,site_max_positive,D,fit
H3N2,2021,north,3C.2a1b.2a.2a.1a,3C.2a1b.2a.1a,-0.693147,False,dms_total_escape_replacement,hk19,site_max_positive,D,fit
H3N2,2022,south,3C.2a1b.2a.2a.1,3C.2a1b.2a.2d,-0.050565,False,dms_total_escape_replacement,hk19,site_max_positive,D,fit
H3N2,2022,north,3C.2a1b.2a.2b,3C.2a1b.2a.2a.1a,-0.069268,False,dms_total_escape_replacement,hk19,site_max_positive,D,fit
H3N2,2023,south,3C.2a1b.2a.2a.3a.1,3C.2a1b.2a.1a,-0.020959,False,dms_total_escape_replacement,hk19,site_max_positive,D,fit
H3N2,2023,north,3C.2a1b.2a.2a.3a.1,3C.2a1b.2a.2a.1b,-0.130145,False,dms_total_escape_replacement,hk19,site_max_positive,D,fit
H3N2,2024,south,3C.2a1b.2a.2a.3a.1,3C.2a1b.2a.2a.1b,-0.075782,False,dms_total_escape_replacement,hk19,site_max_positive,D,fit
H3N2,2024,north,3C.2a1b.2a.2a.3a.1,3C.2a1b.2a.2a.3a.1,-0.693147,True,dms_total_escape_replacement,hk19,site_max_positive,D,fit
H3N2,2013,south,3C.3a,3C.2,0.619163,False,dms_total_escape_replacement,hk19,site_max_positive,D,freq
H3N2,2013,north,3C.3a,3C.3a,0.541929,True,dms_total_escape_replacement,hk19,site_max_positive,D,freq
H3N2,2014,south,3C.3a,3C.3a,1.0,True,dms_total_escape_replacement,hk19,site_max_positive,D,freq
H3N2,2014,north,3C.2,3C.3a,1.0,False,dms_total_escape_replacement,hk19,site_max_positive,D,freq
H3N2,2015,south,3C.2,3C.2,0.700169,True,dms_total_escape_replacement,hk19,site_max_positive,D,freq
H3N2,2015,north,3C.2,3C.2,0.882341,True,dms_total_escape_replacement,hk19,site_max_positive,D,freq
H3N2,2016,south,3C.2a,3C.2,0.754219,False,dms_total_escape_replacement,hk19,site_max_positive,D,freq
H3N2,2016,north,3C.2a1,3C.2a,0.596854,False,dms_total_escape_replacement,hk19,site_max_positive,D,freq
H3N2,2017,south,3C.2a1,3C.3a,0.670919,False,dms_total_escape_replacement,hk19,site_max_positive,D,freq
H3N2,2017,north,3C.2a2,3C.2a,0.58803,False,dms_total_escape_replacement,hk19,site_max_positive,D,freq
H3N2,2018,south,3C.2a2,3C.2a1,0.58868,False,dms_total_escape_replacement,hk19,site_max_positive,D,freq
H3N2,2018,north,3C.2a1b.1,3C.2a2,0.788972,False,dms_total_escape_replacement,hk19,site_max_positive,D,freq
H3N2,2019,south,3C.3a1,3C.2a2,0.846946,False,dms_total_escape_replacement,hk19,site_max_positive,D,freq
H3N2,2019,north,3C.3a1,3C.2a1b.2,0.580385,False,dms_total_escape_replacement,hk19,site_max_positive,D,freq
H3N2,2020,south,3C.3a1,3C.3a1,0.697249,True,dms_total_escape_replacement,hk19,site_max_positive,D,freq
H3N2,2020,north,3C.2a1b.2a.2,3C.2a1b.2b,0.36698,False,dms_total_escape_replacement,hk19,site_max_positive,D,freq
H3N2,2021,south,3C.2a1b.2a.2c,3C.3a1,0.600456,False,dms_total_escape_replacement,hk19,site_max_positive,D,freq
H3N2,2021,north,3C.2a1b.2a.2a.1a,3C.2a1b.2a.1a,1.0,False,dms_total_escape_replacement,hk19,site_max_positive,D,freq
H3N2,2022,south,3C.2a1b.2a.2a.1,3C.2a1b.2a.2d,0.645215,False,dms_total_escape_replacement,hk19,site_max_positive,D,freq
H3N2,2022,north,3C.2a1b.2a.2b,3C.2a1b.2a.2a.1a,0.486282,False,dms_total_escape_replacement,hk19,site_max_positive,D,freq
H3N2,2023,south,3C.2a1b.2a.2a.3a.1,3C.2a1b.2a.2a.1,0.698216,False,dms_total_escape_replacement,hk19,site_max_positive,D,freq
H3N2,2023,north,3C.2a1b.2a.2a.3a.1,3C.2a1b.2a.2b,0.66094,False,dms_total_escape_replacement,hk19,site_max_positive,D,freq
H3N2,2024,south,3C.2a1b.2a.2a.3a.1,3C.2a1b.2a.2a.3a.1,0.577296,True,dms_total_escape_replacement,hk19,site_max_positive,D,freq
H3N2,2024,north,3C.2a1b.2a.2a.3a.1,3C.2a1b.2a.2a.3a.1,1.0,True,dms_total_escape_replacement,hk19,site_max_positive,D,freq
H3N2,2013,south,3C.3a,3C.2,-1.508774,False,dms_total_escape_replacement,hk19,site_max_positive,E+G,fit
H3N2,2013,north,3C.3a,3C.3a,-0.801667,True,dms_total_escape_replacement,hk19,site_max_positive,E+G,fit
H3N2,2014,south,3C.3a,3C.3a,-1.386294,True,dms_total_escape_replacement,hk19,site_max_positive,E+G,fit
H3N2,2014,north,3C.2,3C.3a,-1.386294,False,dms_total_escape_replacement,hk19,site_max_positive,E+G,fit
H3N2,2015,south,3C.2,3C.2,-0.876038,True,dms_total_escape_replacement,hk19,site_max_positive,E+G,fit
H3N2,2015,north,3C.2,3C.3a,-0.876038,False,dms_total_escape_replacement,hk19,site_max_positive,E+G,fit
H3N2,2016,south,3C.2a,3C.2,-0.799846,False,dms_total_escape_replacement,hk19,site_max_positive,E+G,fit
H3N2,2016,north,3C.2a1,3C.2,-0.946749,False,dms_total_escape_replacement,hk19,site_max_positive,E+G,fit
H3N2,2017,south,3C.2a1,3C.3a,-0.718934,False,dms_total_escape_replacement,hk19,site_max_positive,E+G,fit
H3N2,2017,north,3C.2a2,3C.2a3,-0.759061,False,dms_total_escape_replacement,hk19,site_max_positive,E+G,fit
H3N2,2018,south,3C.2a2,3C.2a1,-0.753354,False,dms_total_escape_replacement,hk19,site_max_positive,E+G,fit
H3N2,2018,north,3C.2a1b.1,3C.2,-0.805228,False,dms_total_escape_replacement,hk19,site_max_positive,E+G,fit
H3N2,2019,south,3C.3a1,3C.3a1,-0.713256,True,dms_total_escape_replacement,hk19,site_max_positive,E+G,fit
H3N2,2019,north,3C.3a1,3C.3a1,-0.724181,True,dms_total_escape_replacement,hk19,site_max_positive,E+G,fit
H3N2,2020,south,3C.3a1,3C.2a1b.1b,-0.768878,False,dms_total_escape_replacement,hk19,site_max_positive,E+G,fit
H3N2,2020,north,3C.2a1b.2a.2,3C.2a1b.1b,-0.745538,False,dms_total_escape_replacement,hk19,site_max_positive,E+G,fit
H3N2,2021,south,3C.2a1b.2a.2c,3C.2a1b.1b,-0.694267,False,dms_total_escape_replacement,hk19,site_max_positive,E+G,fit
H3N2,2021,north,3C.2a1b.2a.2a.1a,3C.2a1b.2a.1a,-1.386294,False,dms_total_escape_replacement,hk19,site_max_positive,E+G,fit
H3N2,2022,south,3C.2a1b.2a.2a.1,3C.2a1b.2a.2a.2,-0.754382,False,dms_total_escape_replacement,hk19,site_max_positive,E+G,fit
H3N2,2022,north,3C.2a1b.2a.2b,3C.2a1b.2a.2a.3,-0.732009,False,dms_total_escape_replacement,hk19,site_max_positive,E+G,fit
H3N2,2023,south,3C.2a1b.2a.2a.3a.1,3C.2a1b.2a.2a.3a.1,-0.740365,True,dms_total_escape_replacement,hk19,site_max_positive,E+G,fit
H3N2,2023,north,3C.2a1b.2a.2a.3a.1,3C.2a1b.2a.2a.3,-0.742436,False,dms_total_escape_replacement,hk19,site_max_positive,E+G,fit
H3N2,2024,south,3C.2a1b.2a.2a.3a.1,3C.2a1b.2a.2a.3a,-0.746874,False,dms_total_escape_replacement,hk19,site_max_positive,E+G,fit
H3N2,2024,north,3C.2a1b.2a.2a.3a.1,3C.2a1b.2a.2a.3a.1,-1.386294,True,dms_total_escape_replacement,hk19,site_max_positive,E+G,fit
H3N2,2013,south,3C.3a,3C.2,0.767296,False,dms_total_escape_replacement,hk19,site_max_positive,E+G,freq
H3N2,2013,north,3C.3a,3C.3a,0.70583,True,dms_total_escape_replacement,hk19,site_max_positive,E+G,freq
H3N2,2014,south,3C.3a,3C.3a,1.0,True,dms_total_escape_replacement,hk19,site_max_positive,E+G,freq
H3N2,2014,north,3C.2,3C.3a,1.0,False,dms_total_escape_replacement,hk19,site_max_positive,E+G,freq
H3N2,2015,south,3C.2,3C.2,0.7148,True,dms_total_escape_replacement,hk19,site_max_positive,E+G,freq
H3N2,2015,north,3C.2,3C.3a,0.707722,False,dms_total_escape_replacement,hk19,site_max_positive,E+G,freq
H3N2,2016,south,3C.2a,3C.2,0.941097,False,dms_total_escape_replacement,hk19,site_max_positive,E+G,freq
H3N2,2016,north,3C.2a1,3C.2,0.914146,False,dms_total_escape_replacement,hk19,site_max_positive,E+G,freq
H3N2,2017,south,3C.2a1,3C.3a,0.670969,False,dms_total_escape_replacement,hk19,site_max_positive,E+G,freq
H3N2,2017,north,3C.2a2,3C.2a1,0.558227,False,dms_total_escape_replacement,hk19,site_max_positive,E+G,freq
H3N2,2018,south,3C.2a2,3C.2a1,0.569689,False,dms_total_escape_replacement,hk19,site_max_positive,E+G,freq
H3N2,2018,north,3C.2a1b.1,3C.2a2,0.626148,False,dms_total_escape_replacement,hk19,site_max_positive,E+G,freq
H3N2,2019,south,3C.3a1,3C.2a2,0.660761,False,dms_total_escape_replacement,hk19,site_max_positive,E+G,freq
H3N2,2019,north,3C.3a1,3C.2a1b.1,0.373142,False,dms_total_escape_replacement,hk19,site_max_positive,E+G,freq
H3N2,2020,south,3C.3a1,3C.3a1,0.288209,True,dms_total_escape_replacement,hk19,site_max_positive,E+G,freq
H3N2,2020,north,3C.2a1b.2a.2,3C.3a1,0.422018,False,dms_total_escape_replacement,hk19,site_max_positive,E+G,freq
H3N2,2021,south,3C.2a1b.2a.2c,3C.3a1,0.505803,False,dms_total_escape_replacement,hk19,site_max_positive,E+G,freq
H3N2,2021,north,3C.2a1b.2a.2a.1a,3C.2a1b.2a.1a,1.0,False,dms_total_escape_replacement,hk19,site_max_positive,E+G,freq
H3N2,2022,south,3C.2a1b.2a.2a.1,3C.2a1b.2a.1,0.399747,False,dms_total_escape_replacement,hk19,site_max_positive,E+G,freq
H3N2,2022,north,3C.2a1b.2a.2b,3C.2a1b.2a.2a.3,0.544948,False,dms_total_escape_replacement,hk19,site_max_positive,E+G,freq
H3N2,2023,south,3C.2a1b.2a.2a.3a.1,3C.2a1b.2a.2a.1,0.429463,False,dms_total_escape_replacement,hk19,site_max_positive,E+G,freq
H3N2,2023,north,3C.2a1b.2a.2a.3a.1,3C.2a1b.2a.2b,0.696636,False,dms_total_escape_replacement,hk19,site_max_positive,E+G,freq
H3N2,2024,south,3C.2a1b.2a.2a.3a.1,3C.2a1b.2a.2a.3a.1,0.488894,True,dms_total_escape_replacement,hk19,site_max_positive,E+G,freq
H3N2,2024,north,3C.2a1b.2a.2a.3a.1,3C.2a1b.2a.2a.3a.1,1.0,True,dms_total_escape_replacement,hk19,site_max_positive,E+G,freq
H3N2,2013,south,3C.3a,3C.3a,-0.801667,True,dms_total_escape_replacement,hk19,site_max_positive,E+D,fit
H3N2,2013,north,3C.3a,3C.3a,-0.801667,True,dms_total_escape_replacement,hk19,site_max_positive,E+D,fit
H3N2,2014,south,3C.3a,3C.3a,-1.386294,True,dms_total_escape_replacement,hk19,site_max_positive,E+D,fit
H3N2,2014,north,3C.2,3C.3a,-1.386294,False,dms_total_escape_replacement,hk19,site_max_positive,E+D,fit
H3N2,2015,south,3C.2,3C.2,-0.801667,True,dms_total_escape_replacement,hk19,site_max_positive,E+D,fit
H3N2,2015,north,3C.2,3C.2,-1.508774,True,dms_total_escape_replacement,hk19,site_max_positive,E+D,fit
H3N2,2016,south,3C.2a,3C.2,-1.038986,False,dms_total_escape_replacement,hk19,site_max_positive,E+D,fit
H3N2,2016,north,3C.2a1,3C.2a,-1.035548,False,dms_total_escape_replacement,hk19,site_max_positive,E+D,fit
H3N2,2017,south,3C.2a1,3C.3a,-0.670154,False,dms_total_escape_replacement,hk19,site_max_positive,E+D,fit
H3N2,2017,north,3C.2a2,3C.2a,-0.748149,False,dms_total_escape_replacement,hk19,site_max_positive,E+D,fit
H3N2,2018,south,3C.2a2,3C.2a2,-0.708869,True,dms_total_escape_replacement,hk19,site_max_positive,E+D,fit
H3N2,2018,north,3C.2a1b.1,3C.2,-0.724256,False,dms_total_escape_replacement,hk19,site_max_positive,E+D,fit
H3N2,2019,south,3C.3a1,3C.2a2,-0.730085,False,dms_total_escape_replacement,hk19,site_max_positive,E+D,fit
H3N2,2019,north,3C.3a1,3C.2a1b.2,-0.75009,False,dms_total_escape_replacement,hk19,site_max_positive,E+D,fit
H3N2,2020,south,3C.3a1,3C.3a1,-0.75573,True,dms_total_escape_replacement,hk19,site_max_positive,E+D,fit
H3N2,2020,north,3C.2a1b.2a.2,3C.3a1,-0.681345,False,dms_total_escape_replacement,hk19,site_max_positive,E+D,fit
H3N2,2021,south,3C.2a1b.2a.2c,3C.3a1,-0.689763,False,dms_total_escape_replacement,hk19,site_max_positive,E+D,fit
H3N2,2021,north,3C.2a1b.2a.2a.1a,3C.2a1b.2a.1a,-1.386294,False,dms_total_escape_replacement,hk19,site_max_positive,E+D,fit
H3N2,2022,south,3C.2a1b.2a.2a.1,3C.2a1b.2a.2d,-0.760697,False,dms_total_escape_replacement,hk19,site_max_positive,E+D,fit
H3N2,2022,north,3C.2a1b.2a.2b,3C.2a1b.2a.2a.3,-0.756459,False,dms_total_escape_replacement,hk19,site_max_positive,E+D,fit
H3N2,2023,south,3C.2a1b.2a.2a.3a.1,3C.2a1b.2a.2a.1,-0.723279,False,dms_total_escape_replacement,hk19,site_max_positive,E+D,fit
H3N2,2023,north,3C.2a1b.2a.2a.3a.1,3C.2a1b.2a.2a.3b,-0.844891,False,dms_total_escape_replacement,hk19,site_max_positive,E+D,fit
H3N2,2024,south,3C.2a1b.2a.2a.3a.1,3C.2a1b.2a.2a.1b,-0.847638,False,dms_total_escape_replacement,hk19,site_max_positive,E+D,fit
H3N2,2024,north,3C.2a1b.2a.2a.3a.1,3C.2a1b.2a.2a.3a.1,-1.386294,True,dms_total_escape_replacement,hk19,site_max_positive,E+D,fit
H3N2,2013,south,3C.3a,3C.3a,0.555053,True,dms_total_escape_replacement,hk19,site_max_positive,E+D,freq
H3N2,2013,north,3C.3a,3C.3a,0.70583,True,dms_total_escape_replacement,hk19,site_max_positive,E+D,freq
H3N2,2014,south,3C.3a,3C.3a,1.0,True,dms_total_escape_replacement,hk19,site_max_positive,E+D,freq
H3N2,2014,north,3C.2,3C.3a,1.0,False,dms_total_escape_replacement,hk19,site_max_positive,E+D,freq
H3N2,2015,south,3C.2,3C.2,0.700169,True,dms_total_escape_replacement,hk19,site_max_positive,E+D,freq
H3N2,2015,north,3C.2,3C.2,0.645788,True,dms_total_escape_replacement,hk19,site_max_positive,E+D,freq
H3N2,2016,south,3C.2a,3C.2,0.881334,False,dms_total_escape_replacement,hk19,site_max_positive,E+D,freq
H3N2,2016,north,3C.2a1,3C.2a,0.539088,False,dms_total_escape_replacement,hk19,site_max_positive,E+D,freq
H3N2,2017,south,3C.2a1,3C.3a,0.69198,False,dms_total_escape_replacement,hk19,site_max_positive,E+D,freq
H3N2,2017,north,3C.2a2,3C.2a,0.573123,False,dms_total_escape_replacement,hk19,site_max_positive,E+D,freq
H3N2,2018,south,3C.2a2,3C.2a1,0.569009,False,dms_total_escape_replacement,hk19,site_max_positive,E+D,freq
H3N2,2018,north,3C.2a1b.1,3C.2a2,0.787467,False,dms_total_escape_replacement,hk19,site_max_positive,E+D,freq
H3N2,2019,south,3C.3a1,3C.2a2,0.843557,False,dms_total_escape_replacement,hk19,site_max_positive,E+D,freq
H3N2,2019,north,3C.3a1,3C.2a1b.2,0.568721,False,dms_total_escape_replacement,hk19,site_max_positive,E+D,freq
H3N2,2020,south,3C.3a1,3C.3a1,0.688694,True,dms_total_escape_replacement,hk19,site_max_positive,E+D,freq
H3N2,2020,north,3C.2a1b.2a.2,3C.3a1,0.363501,False,dms_total_escape_replacement,hk19,site_max_positive,E+D,freq
H3N2,2021,south,3C.2a1b.2a.2c,3C.3a1,0.606276,False,dms_total_escape_replacement,hk19,site_max_positive,E+D,freq
H3N2,2021,north,3C.2a1b.2a.2a.1a,3C.2a1b.2a.1a,1.0,False,dms_total_escape_replacement,hk19,site_max_positive,E+D,freq
H3N2,2022,south,3C.2a1b.2a.2a.1,3C.2a1b.2a.2d,0.64211,False,dms_total_escape_replacement,hk19,site_max_positive,E+D,freq
H3N2,2022,north,3C.2a1b.2a.2b,3C.2a1b.2a.2a.1a,0.469236,False,dms_total_escape_replacement,hk19,site_max_positive,E+D,freq
H3N2,2023,south,3C.2a1b.2a.2a.3a.1,3C.2a1b.2a.2a.1,0.696124,False,dms_total_escape_replacement,hk19,site_max_positive,E+D,freq
H3N2,2023,north,3C.2a1b.2a.2a.3a.1,3C.2a1b.2a.2b,0.669157,False,dms_total_escape_replacement,hk19,site_max_positive,E+D,freq
H3N2,2024,south,3C.2a1b.2a.2a.3a.1,3C.2a1b.2a.2a.3a.1,0.592239,True,dms_total_escape_replacement,hk19,site_max_positive,E+D,freq
H3N2,2024,north,3C.2a1b.2a.2a.3a.1,3C.2a1b.2a.2a.3a.1,1.0,True,dms_total_escape_replacement,hk19,site_max_positive,E+D,freq
H3N2,2013,south,3C.3a,3C.2,-1.508774,False,dms_total_escape_replacement,hk19,site_max_positive,G+D,fit
H3N2,2013,north,3C.3a,3C.3a,-0.801667,True,dms_total_escape_replacement,hk19,site_max_positive,G+D,fit
H3N2,2014,south,3C.3a,3C.3a,-1.386294,True,dms_total_escape_replacement,hk19,site_max_positive,G+D,fit
H3N2,2014,north,3C.2,3C.3a,-1.386294,False,dms_total_escape_replacement,hk19,site_max_positive,G+D,fit
H3N2,2015,south,3C.2,3C.2,-0.876038,True,dms_total_escape_replacement,hk19,site_max_positive,G+D,fit
H3N2,2015,north,3C.2,3C.2,-0.946749,True,dms_total_escape_replacement,hk19,site_max_positive,G+D,fit
H3N2,2016,south,3C.2a,3C.2,-1.275372,False,dms_total_escape_replacement,hk19,site_max_positive,G+D,fit
H3N2,2016,north,3C.2a1,3C.2a,-0.799846,False,dms_total_escape_replacement,hk19,site_max_positive,G+D,fit
H3N2,2017,south,3C.2a1,3C.3a,-0.718602,False,dms_total_escape_replacement,hk19,site_max_positive,G+D,fit
H3N2,2017,north,3C.2a2,3C.2a,-0.913986,False,dms_total_escape_replacement,hk19,site_max_positive,G+D,fit
H3N2,2018,south,3C.2a2,3C.2a2,-0.713583,True,dms_total_escape_replacement,hk19,site_max_positive,G+D,fit
H3N2,2018,north,3C.2a1b.1,3C.2a2,-0.804786,False,dms_total_escape_replacement,hk19,site_max_positive,G+D,fit
H3N2,2019,south,3C.3a1,3C.2a2,-0.445576,False,dms_total_escape_replacement,hk19,site_max_positive,G+D,fit
H3N2,2019,north,3C.3a1,3C.2a1b.2,-0.823226,False,dms_total_escape_replacement,hk19,site_max_positive,G+D,fit
H3N2,2020,south,3C.3a1,3C.3a1,-0.963445,True,dms_total_escape_replacement,hk19,site_max_positive,G+D,fit
H3N2,2020,north,3C.2a1b.2a.2,3C.2a1b.2b,-0.638231,False,dms_total_escape_replacement,hk19,site_max_positive,G+D,fit
H3N2,2021,south,3C.2a1b.2a.2c,3C.3a1,-0.837341,False,dms_total_escape_replacement,hk19,site_max_positive,G+D,fit
H3N2,2021,north,3C.2a1b.2a.2a.1a,3C.2a1b.2a.1a,-1.386294,False,dms_total_escape_replacement,hk19,site_max_positive,G+D,fit
H3N2,2022,south,3C.2a1b.2a.2a.1,3C.2a1b.2a.2d,-0.544815,False,dms_total_escape_replacement,hk19,site_max_positive,G+D,fit
H3N2,2022,north,3C.2a1b.2a.2b,3C.2a1b.2a.2a.1a,-0.594765,False,dms_total_escape_replacement,hk19,site_max_positive,G+D,fit
H3N2,2023,south,3C.2a1b.2a.2a.3a.1,3C.2a1b.2a.2a.1,-0.571547,False,dms_total_escape_replacement,hk19,site_max_positive,G+D,fit
H3N2,2023,north,3C.2a1b.2a.2a.3a.1,3C.2a1b.2a.2a.1b,-0.535282,False,dms_total_escape_replacement,hk19,site_max_positive,G+D,fit
H3N2,2024,south,3C.2a1b.2a.2a.3a.1,3C.2a1b.2a.2a.1b,-0.942675,False,dms_total_escape_replacement,hk19,site_max_positive,G+D,fit
H3N2,2024,north,3C.2a1b.2a.2a.3a.1,3C.2a1b.2a.2a.3a.1,-1.386294,True,dms_total_escape_replacement,hk19,site_max_positive,G+D,fit
H3N2,2013,south,3C.3a,3C.2,0.767296,False,dms_total_escape_replacement,hk19,site_max_positive,G+D,freq
H3N2,2013,north,3C.3a,3C.3a,0.70583,True,dms_total_escape_replacement,hk19,site_max_positive,G+D,freq
H3N2,2014,south,3C.3a,3C.3a,1.0,True,dms_total_escape_replacement,hk19,site_max_positive,G+D,freq
H3N2,2014,north,3C.2,3C.3a,1.0,False,dms_total_escape_replacement,hk19,site_max_positive,G+D,freq
H3N2,2015,south,3C.2,3C.2,0.7148,True,dms_total_escape_replacement,hk19,site_max_positive,G+D,freq
H3N2,2015,north,3C.2,3C.2,0.8748,True,dms_total_escape_replacement,hk19,site_max_positive,G+D,freq
H3N2,2016,south,3C.2a,3C.2,0.795263,False,dms_total_escape_replacement,hk19,site_max_positive,G+D,freq
H3N2,2016,north,3C.2a1,3C.2a,0.652053,False,dms_total_escape_replacement,hk19,site_max_positive,G+D,freq
H3N2,2017,south,3C.2a1,3C.3a,0.677371,False,dms_total_escape_replacement,hk19,site_max_positive,G+D,freq
H3N2,2017,north,3C.2a2,3C.2a,0.524905,False,dms_total_escape_replacement,hk19,site_max_positive,G+D,freq
H3N2,2018,south,3C.2a2,3C.2a1,0.603257,False,dms_total_escape_replacement,hk19,site_max_positive,G+D,freq
H3N2,2018,north,3C.2a1b.1,3C.2a2,0.787243,False,dms_total_escape_replacement,hk19,site_max_positive,G+D,freq
H3N2,2019,south,3C.3a1,3C.2a2,0.882084,False,dms_total_escape_replacement,hk19,site_max_positive,G+D,freq
H3N2,2019,north,3C.3a1,3C.2a1b.2,0.526531,False,dms_total_escape_replacement,hk19,site_max_positive,G+D,freq
H3N2,2020,south,3C.3a1,3C.3a1,0.634309,True,dms_total_escape_replacement,hk19,site_max_positive,G+D,freq
H3N2,2020,north,3C.2a1b.2a.2,3C.2a1b.2b,0.422252,False,dms_total_escape_replacement,hk19,site_max_positive,G+D,freq
H3N2,2021,south,3C.2a1b.2a.2c,3C.3a1,0.551388,False,dms_total_escape_replacement,hk19,site_max_positive,G+D,freq
H3N2,2021,north,3C.2a1b.2a.2a.1a,3C.2a1b.2a.1a,1.0,False,dms_total_escape_replacement,hk19,site_max_positive,G+D,freq
H3N2,2022,south,3C.2a1b.2a.2a.1,3C.2a1b.2a.2d,0.710063,False,dms_total_escape_replacement,hk19,site_max_positive,G+D,freq
H3N2,2022,north,3C.2a1b.2a.2b,3C.2a1b.2a.2a.1a,0.52418,False,dms_total_escape_replacement,hk19,site_max_positive,G+D,freq
H3N2,2023,south,3C.2a1b.2a.2a.3a.1,3C.2a1b.2a.2a.1,0.71674,False,dms_total_escape_replacement,hk19,site_max_positive,G+D,freq
H3N2,2023,north,3C.2a1b.2a.2a.3a.1,3C.2a1b.2a.2b,0.624648,False,dms_total_escape_replacement,hk19,site_max_positive,G+D,freq
H3N2,2024,south,3C.2a1b.2a.2a.3a.1,3C.2a1b.2a.2a.3a.1,0.653947,True,dms_total_escape_replacement,hk19,site_max_positive,G+D,freq
H3N2,2024,north,3C.2a1b.2a.2a.3a.1,3C.2a1b.2a.2a.3a.1,1.0,True,dms_total_escape_replacement,hk19,site_max_positive,G+D,freq
H3N2,2013,south,3C.3a,3C.3a,-1.909607,True,dms_total_escape_replacement,hk19,site_max_positive,E+G+D,fit
H3N2,2013,north,3C.3a,3C.3a,-1.202501,True,dms_total_escape_replacement,hk19,site_max_positive,E+G+D,fit
H3N2,2014,south,3C.3a,3C.3a,-2.079442,True,dms_total_escape_replacement,hk19,site_max_positive,E+G+D,fit
H3N2,2014,north,3C.2,3C.3a,-2.079442,False,dms_total_escape_replacement,hk19,site_max_positive,E+G+D,fit
H3N2,2015,south,3C.2,3C.2,-1.489535,True,dms_total_escape_replacement,hk19,site_max_positive,E+G+D,fit
H3N2,2015,north,3C.2,3C.2,-1.725237,True,dms_total_escape_replacement,hk19,site_max_positive,E+G+D,fit
H3N2,2016,south,3C.2a,3C.2,-1.943016,False,dms_total_escape_replacement,hk19,site_max_positive,E+G+D,fit
H3N2,2016,north,3C.2a1,3C.2a,-1.607386,False,dms_total_escape_replacement,hk19,site_max_positive,E+G+D,fit
H3N2,2017,south,3C.2a1,3C.3a,-1.279716,False,dms_total_escape_replacement,hk19,site_max_positive,E+G+D,fit
H3N2,2017,north,3C.2a2,3C.2a,-1.555423,False,dms_total_escape_replacement,hk19,site_max_positive,E+G+D,fit
H3N2,2018,south,3C.2a2,3C.2a2,-1.392895,True,dms_total_escape_replacement,hk19,site_max_positive,E+G+D,fit
H3N2,2018,north,3C.2a1b.1,3C.2a2,-1.491438,False,dms_total_escape_replacement,hk19,site_max_positive,E+G+D,fit
H3N2,2019,south,3C.3a1,3C.2a2,-1.212411,False,dms_total_escape_replacement,hk19,site_max_positive,E+G+D,fit
H3N2,2019,north,3C.3a1,3C.2a1b.2,-1.527642,False,dms_total_escape_replacement,hk19,site_max_positive,E+G+D,fit
H3N2,2020,south,3C.3a1,3C.3a1,-1.601485,True,dms_total_escape_replacement,hk19,site_max_positive,E+G+D,fit
H3N2,2020,north,3C.2a1b.2a.2,3C.3a1,-1.34996,False,dms_total_escape_replacement,hk19,site_max_positive,E+G+D,fit
H3N2,2021,south,3C.2a1b.2a.2c,3C.3a1,-1.425957,False,dms_total_escape_replacement,hk19,site_max_positive,E+G+D,fit
H3N2,2021,north,3C.2a1b.2a.2a.1a,3C.2a1b.2a.1a,-2.079442,False,dms_total_escape_replacement,hk19,site_max_positive,E+G+D,fit
H3N2,2022,south,3C.2a1b.2a.2a.1,3C.2a1b.2a.2d,-1.301974,False,dms_total_escape_replacement,hk19,site_max_positive,E+G+D,fit
H3N2,2022,north,3C.2a1b.2a.2b,3C.2a1b.2a.2a.1a,-1.344752,False,dms_total_escape_replacement,hk19,site_max_positive,E+G+D,fit
H3N2,2023,south,3C.2a1b.2a.2a.3a.1,3C.2a1b.2a.2a.1,-1.331562,False,dms_total_escape_replacement,hk19,site_max_positive,E+G+D,fit
H3N2,2023,north,3C.2a1b.2a.2a.3a.1,3C.2a1b.2a.2a.1b,-1.342449,False,dms_total_escape_replacement,hk19,site_max_positive,E+G+D,fit
H3N2,2024,south,3C.2a1b.2a.2a.3a.1,3C.2a1b.2a.2a.1b,-1.668692,False,dms_total_escape_replacement,hk19,site_max_positive,E+G+D,fit
H3N2,2024,north,3C.2a1b.2a.2a.3a.1,3C.2a1b.2a.2a.3a.1,-2.079442,True,dms_total_escape_replacement,hk19,site_max_positive,E+G+D,fit
H3N2,2013,south,3C.3a,3C.2,0.619163,False,dms_total_escape_replacement,hk19,site_max_positive,E+G+D,freq
H3N2,2013,north,3C.3a,3C.3a,0.829533,True,dms_total_escape_replacement,hk19,site_max_positive,E+G+D,freq
H3N2,2014,south,3C.3a,3C.3a,1.0,True,dms_total_escape_replacement,hk19,site_max_positive,E+G+D,freq
H3N2,2014,north,3C.2,3C.3a,1.0,False,dms_total_escape_replacement,hk19,site_max_positive,E+G+D,freq
H3N2,2015,south,3C.2,3C.2,0.747213,True,dms_total_escape_replacement,hk19,site_max_positive,E+G+D,freq
H3N2,2015,north,3C.2,3C.2,0.855584,True,dms_total_escape_replacement,hk19,site_max_positive,E+G+D,freq
H3N2,2016,south,3C.2a,3C.2,0.802832,False,dms_total_escape_replacement,hk19,site_max_positive,E+G+D,freq
H3N2,2016,north,3C.2a1,3C.2a,0.596854,False,dms_total_escape_replacement,hk19,site_max_positive,E+G+D,freq
H3N2,2017,south,3C.2a1,3C.3a,0.715156,False,dms_total_escape_replacement,hk19,site_max_positive,E+G+D,freq
H3N2,2017,north,3C.2a2,3C.2a,0.501574,False,dms_total_escape_replacement,hk19,site_max_positive,E+G+D,freq
H3N2,2018,south,3C.2a2,3C.2a1,0.585174,False,dms_total_escape_replacement,hk19,site_max_positive,E+G+D,freq
H3N2,2018,north,3C.2a1b.1,3C.2a2,0.787028,False,dms_total_escape_replacement,hk19,site_max_positive,E+G+D,freq
H3N2,2019,south,3C.3a1,3C.2a2,0.872075,False,dms_total_escape_replacement,hk19,site_max_positive,E+G+D,freq
H3N2,2019,north,3C.3a1,3C.2a1b.2,0.528435,False,dms_total_escape_replacement,hk19,site_max_positive,E+G+D,freq
H3N2,2020,south,3C.3a1,3C.3a1,0.648571,True,dms_total_escape_replacement,hk19,site_max_positive,E+G+D,freq
H3N2,2020,north,3C.2a1b.2a.2,3C.2a1b.2b,0.368426,False,dms_total_escape_replacement,hk19,site_max_positive,E+G+D,freq
H3N2,2021,south,3C.2a1b.2a.2c,3C.3a1,0.580231,False,dms_total_escape_replacement,hk19,site_max_positive,E+G+D,freq
H3N2,2021,north,3C.2a1b.2a.2a.1a,3C.2a1b.2a.1a,1.0,False,dms_total_escape_replacement,hk19,site_max_positive,E+G+D,freq
H3N2,2022,south,3C.2a1b.2a.2a.1,3C.2a1b.2a.2d,0.691725,False,dms_total_escape_replacement,hk19,site_max_positive,E+G+D,freq
H3N2,2022,north,3C.2a1b.2a.2b,3C.2a1b.2a.2a.1a,0.497011,False,dms_total_escape_replacement,hk19,site_max_positive,E+G+D,freq
H3N2,2023,south,3C.2a1b.2a.2a.3a.1,3C.2a1b.2a.2a.1,0.706071,False,dms_total_escape_replacement,hk19,site_max_positive,E+G+D,freq
H3N2,2023,north,3C.2a1b.2a.2a.3a.1,3C.2a1b.2a.2b,0.641574,False,dms_total_escape_replacement,hk19,site_max_positive,E+G+D,freq
H3N2,2024,south,3C.2a1b.2a.2a.3a.1,3C.2a1b.2a.2a.3a.1,0.649553,True,dms_total_escape_replacement,hk19,site_max_positive,E+G+D,freq
H3N2,2024,north,3C.2a1b.2a.2a.3a.1,3C.2a1b.2a.2a.3a.1,1.0,True,dms_total_escape_replacement,hk19,site_max_positive,E+G+D,freq
