subtype,year,hemisphere,clade,freq_prev,E_pre_fit,E_pre_freq,G_pre_fit,G_pre_freq,D_pre_fit,D_pre_freq,E+G_pre_fit,E+G_pre_freq,E+D_pre_fit,E+D_pre_freq,G+D_pre_fit,G+D_pre_freq,E+G+D_pre_fit,E+G+D_pre_freq
H3N2,2013,north,3C.2,0.627692,-1.10794,0.458071,-1.10794,0.458071,-1.10794,0.458071,-2.215881,0.29417,-2.215881,0.29417,-2.215881,0.29417,-3.323821,0.170467
H3N2,2013,north,3C.3a,0.366154,-0.400834,0.541929,-0.400834,0.541929,-0.400834,0.541929,-0.801667,0.70583,-0.801667,0.70583,-0.801667,0.70583,-1.202501,0.829533
H3N2,2013,south,3C.2,0.7625,-0.400834,0.869915,-0.400834,0.869915,-1.10794,0.619163,-0.801667,0.931331,-1.508774,0.767296,-1.508774,0.767296,-1.909607,0.869915
H3N2,2013,south,3C.3a,0.23125,-1.10794,0.130085,-1.10794,0.130085,-0.400834,0.380837,-2.215881,0.068669,-1.508774,0.232704,-1.508774,0.232704,-2.616714,0.130085
H3N2,2014,north,3C.3a,0.752577,-0.693147,1.0,-0.693147,1.0,-0.693147,1.0,-1.386294,1.0,-1.386294,1.0,-1.386294,1.0,-2.079442,1.0
H3N2,2014,south,3C.3a,0.554377,-0.693147,1.0,-0.693147,1.0,-0.693147,1.0,-1.386294,1.0,-1.386294,1.0,-1.386294,1.0,-2.079442,1.0
H3N2,2015,north,3C.2,0.643011,-1.925381,0.237363,-1.925381,0.237363,-0.217622,0.882341,-2.390961,0.255597,-0.946749,0.8748,-0.946749,0.8748,-1.675877,0.866848
H3N2,2015,north,3C.3a,0.352688,-0.157614,0.762637,-0.157614,0.762637,-1.631835,0.117659,-0.721403,0.744403,-2.290252,0.1252,-2.290252,0.1252,-2.948669,0.133152
H3N2,2015,south,3C.2,0.360759,-0.157614,0.768819,-0.157614,0.768819,-0.217622,0.700169,-0.721403,0.750905,-0.876038,0.7148,-0.876038,0.7148,-1.534455,0.728994
H3N2,2015,south,3C.3a,0.635443,-1.925381,0.231181,-1.925381,0.231181,-1.631835,0.299831,-2.390961,0.249095,-2.360963,0.2852,-2.360963,0.2852,-3.09009,0.271006
H3N2,2016,north,3C.2,0.665537,-0.217622,0.919536,-1.631835,0.403146,-1.631835,0.403146,-1.507077,0.753998,-2.21406,0.460912,-2.449762,0.347947,-3.001699,0.412905
H3N2,2016,north,3C.2a,0.239548,-1.631835,0.080464,-0.217622,0.596854,-0.217622,0.596854,-1.605287,0.246002,-1.035548,0.539088,-0.799846,0.652053,-1.627892,0.587095
H3N2,2016,south,3C.2,0.740166,-1.925381,0.343774,-0.157614,0.947301,-0.693147,0.754219,-1.605287,0.735563,-1.511074,0.707969,-1.275372,0.795263,-2.137001,0.734032
H3N2,2016,south,3C.3a,0.241201,-0.157614,0.656226,-1.925381,0.052699,-0.693147,0.245781,-1.507077,0.264437,-1.275372,0.292031,-1.511074,0.204737,-2.030935,0.265968
H3N2,2017,north,3C.2,0.053462,-1.258564,0.041663,-1.533388,0.021209,-1.539049,0.026482,-2.053453,0.025199,-2.255574,0.026125,-2.369527,0.02551,-4.926744,0.007643
H3N2,2017,north,3C.2a,0.256619,-1.294181,0.192985,-2.080115,0.058929,-0.007342,0.58803,-2.466327,0.080041,-0.72513,0.579374,-0.913986,0.524905,-2.383271,0.466807
H3N2,2017,north,3C.2a1,0.337576,-1.377111,0.233663,-0.04418,0.593752,-1.96729,0.108965,-0.801262,0.556573,-2.687965,0.107052,-2.397924,0.156566,-5.676853,0.022795
H3N2,2017,north,3C.2a2,0.113544,-1.354244,0.080411,-1.634215,0.040724,-0.952193,0.101142,-2.132639,0.049443,-1.672079,0.099444,-1.797066,0.096037,-3.663291,0.057426
H3N2,2017,north,3C.2a3,0.147149,-0.667123,0.207166,-0.035301,0.261123,-1.6129,0.067699,-0.759379,0.252986,-2.304729,0.068457,-2.027757,0.09882,-3.916941,0.057748
H3N2,2017,north,3C.3a,0.090631,-0.018377,0.244111,-1.926715,0.024263,-0.664139,0.107683,-2.231262,0.035759,-1.26256,0.119549,-1.549791,0.098162,-1.52847,0.387581
H3N2,2017,south,3C.2,0.2253,-1.3785,0.111558,-2.993207,0.019695,-1.394123,0.110757,-2.147894,0.101924,-2.18206,0.088601,-2.163517,0.101213,-2.926988,0.085336
H3N2,2017,south,3C.2a,0.277008,-1.260756,0.154301,-0.205834,0.393205,-1.364258,0.140305,-1.917684,0.157757,-2.137678,0.113879,-2.021186,0.143477,-2.773979,0.122269
H3N2,2017,south,3C.2a1,0.128347,-1.300617,0.068699,-0.467638,0.140221,-1.181819,0.078019,-1.980919,0.068615,-1.960204,0.06301,-1.862121,0.077939,-2.61857,0.066176
H3N2,2017,south,3C.3a,0.355494,-0.048667,0.665443,-0.327338,0.446879,-0.048889,0.670919,-0.718379,0.671704,-0.523071,0.73451,-0.718602,0.677371,-1.24181,0.726219
H3N2,2018,north,3C.2,0.048538,-0.03708,0.101846,-3.494154,0.002614,-0.107641,0.07268,-0.80189,0.095014,-0.722236,0.07779,-1.058096,0.056293,-1.603468,0.064636
H3N2,2018,north,3C.2a1,0.149708,-1.860964,0.0507,-0.236697,0.209517,-1.77851,0.042163,-2.528054,0.052154,-2.51485,0.039954,-2.387506,0.045947,-3.14416,0.042709
H3N2,2018,north,3C.2a1b.1,0.172515,-1.48248,0.085302,-0.039839,0.293964,-1.355601,0.074161,-2.113619,0.090961,-2.079839,0.071132,-1.857846,0.089922,-2.62561,0.082662
H3N2,2018,north,3C.2a2,0.526901,-0.486158,0.705603,-0.72352,0.453188,-0.107641,0.788972,-1.180503,0.706329,-0.789149,0.789784,-0.804786,0.787243,-1.485293,0.789662
H3N2,2018,north,3C.2a3,0.08538,-1.190206,0.056549,-1.313295,0.040717,-1.866355,0.022024,-1.903554,0.055542,-2.580405,0.02134,-2.628393,0.020595,-3.324805,0.020332
H3N2,2018,south,3C.2,0.067641,-0.176426,0.101789,-1.434753,0.022158,-0.219908,0.085164,-0.893098,0.096091,-0.872767,0.087248,-0.93658,0.079921,-1.589439,0.081865
H3N2,2018,south,3C.2a,0.07036,-1.560901,0.026518,-3.830925,0.002099,-3.257873,0.004246,-2.333127,0.023681,-3.9847,0.00404,-4.030099,0.003769,-4.756926,0.003586
H3N2,2018,south,3C.2a1,0.4293,-0.30909,0.565765,-0.035008,0.570135,-0.134541,0.58868,-0.937768,0.583221,-0.80262,0.593978,-0.763218,0.603257,-1.431298,0.608593
H3N2,2018,south,3C.2a1b.1,0.050986,-2.958932,0.004748,-0.543601,0.040718,-0.479497,0.049517,-3.645591,0.004619,-1.247922,0.045193,-1.166156,0.047885,-1.934581,0.043696
H3N2,2018,south,3C.2a2,0.149558,-0.498053,0.163162,-0.508091,0.123757,-0.028648,0.227991,-1.182988,0.158995,-0.710912,0.226803,-0.713583,0.220856,-1.395847,0.219671
H3N2,2018,south,3C.2a3,0.17981,-1.769018,0.055036,-0.067106,0.231254,-2.029036,0.037082,-2.410233,0.056028,-2.762517,0.035047,-2.670251,0.037527,-3.403732,0.035462
H3N2,2018,south,3C.3a,0.049286,-0.064146,0.082981,-1.925927,0.009879,-2.3572,0.007321,-0.793287,0.077365,-2.984789,0.007692,-3.086341,0.006785,-3.71393,0.007128
H3N2,2019,north,3C.2a1,0.033562,-1.844311,0.015247,-2.059256,0.00853,-0.488692,0.041456,-2.468615,0.011229,-1.224517,0.040285,-1.31822,0.036777,-2.018419,0.036855
H3N2,2019,north,3C.2a1b.1,0.369184,-1.304479,0.28776,-0.021926,0.719666,-1.209909,0.221696,-0.764546,0.678869,-1.92806,0.219274,-1.681018,0.281452,-2.44878,0.263627
H3N2,2019,north,3C.2a1b.1b,0.008391,-0.1466,0.020818,-0.224148,0.013361,-0.967334,0.006422,-0.934148,0.013022,-1.615399,0.006813,-1.572629,0.007129,-2.241865,0.007369
H3N2,2019,north,3C.2a1b.2,0.292906,-1.4173,0.203947,-1.802553,0.096228,-0.016083,0.580385,-2.261406,0.120557,-0.738129,0.571813,-0.823226,0.526531,-1.515682,0.53176
H3N2,2019,north,3C.2a2,0.135774,-1.144376,0.124204,-3.439986,0.008675,-2.35342,0.025984,-3.501702,0.016167,-3.065774,0.02585,-3.299309,0.020519,-3.943734,0.021743
H3N2,2019,north,3C.2a3,0.021358,-1.324156,0.016323,-0.156874,0.036378,-1.20843,0.012844,-0.935668,0.033096,-1.927271,0.012695,-1.790356,0.014596,-2.535699,0.013982
H3N2,2019,north,3C.3a1,0.11823,-0.023711,0.331701,-0.698493,0.117162,-0.761107,0.111213,-1.301661,0.127059,-1.365347,0.12327,-1.454965,0.112996,-2.059027,0.124665
H3N2,2019,south,3C.2a1,0.028986,-1.504974,0.016922,-1.394487,0.009053,-1.956275,0.005101,-2.220558,0.01564,-2.681261,0.004998,-2.726123,0.00376,-3.431422,0.003953
H3N2,2019,south,3C.2a1b.1,0.155518,-1.003146,0.149963,-1.001863,0.071928,-0.650992,0.100953,-1.707237,0.140209,-1.35789,0.10072,-1.381082,0.077439,-2.078621,0.082045
H3N2,2019,south,3C.2a1b.2,0.010591,-0.977939,0.010473,-1.079542,0.004532,-1.059242,0.004571,-1.684462,0.009768,-1.765124,0.004565,-1.797664,0.003477,-2.492043,0.003695
H3N2,2019,south,3C.2a2,0.695095,-1.059188,0.633735,-0.008336,0.868246,-0.021295,0.846946,-1.661244,0.656164,-0.730403,0.843129,-0.445576,0.882084,-1.212729,0.871698
H3N2,2019,south,3C.2a3,0.017837,-1.383075,0.011763,-2.606525,0.001658,-1.495539,0.004976,-2.1281,0.010557,-2.216418,0.004896,-2.3715,0.003299,-3.044038,0.003584
H3N2,2019,south,3C.3a1,0.068562,-0.017546,0.177144,-0.66113,0.044584,-0.823516,0.037454,-0.709392,0.167662,-1.420887,0.041693,-1.512333,0.029941,-2.110785,0.035025
H3N2,2020,north,3C.2a1b.1,0.038557,-2.025065,0.009603,-3.93136,0.00115,-2.990509,0.002936,-2.7995,0.008717,-3.731853,0.002748,-3.978048,0.001982,-4.639582,0.002061
H3N2,2020,north,3C.2a1b.1a,0.045477,-0.13566,0.07493,-0.984184,0.025844,-0.963365,0.026292,-0.839184,0.07302,-1.60945,0.027069,-1.691517,0.023004,-2.328739,0.024517
H3N2,2020,north,3C.2a1b.1b,0.152249,-0.132473,0.251654,-0.469477,0.144765,-0.452535,0.146704,-0.815428,0.250334,-1.098015,0.151128,-1.112116,0.137468,-1.765879,0.144102
H3N2,2020,north,3C.2a1b.2,0.052892,-2.121115,0.011967,-1.677709,0.015023,-1.507988,0.017738,-2.844113,0.011437,-2.252212,0.016554,-2.303998,0.014501,-3.021608,0.014261
H3N2,2020,north,3C.2a1b.2a,0.175482,-1.872085,0.05093,-0.203385,0.217723,-1.086752,0.089678,-2.535891,0.051643,-1.823434,0.084329,-1.685537,0.089299,-2.444889,0.084228
H3N2,2020,north,3C.2a1b.2b,0.291152,-1.080142,0.186552,-0.015636,0.435843,-0.183974,0.36698,-1.693723,0.198905,-0.893892,0.354452,-0.638231,0.422252,-1.400901,0.396957
H3N2,2020,north,3C.3a1,0.240237,-0.08989,0.414364,-0.827714,0.15965,-0.040067,0.349672,-0.788113,0.405945,-0.675862,0.36372,-0.750234,0.311494,-1.381747,0.333874
H3N2,2020,south,3C.2a1b.1,0.139527,-1.45027,0.080368,-1.275721,0.135709,-0.851561,0.082307,-2.162563,0.080225,-1.574722,0.080886,-1.609925,0.089178,-2.287014,0.082716
H3N2,2020,south,3C.2a1b.1b,0.037857,-0.061923,0.087404,-2.106323,0.016046,-1.124852,0.016992,-0.795383,0.08542,-1.751593,0.018389,-1.958428,0.017077,-2.485053,0.018411
H3N2,2020,south,3C.2a1b.2,0.1592,-0.618928,0.210579,-0.136181,0.483936,-0.531771,0.129301,-1.274318,0.222511,-1.221066,0.131446,-1.104802,0.168622,-1.876456,0.142291
H3N2,2020,south,3C.2a1b.2b,0.114895,-0.153713,0.242,-0.349115,0.282274,-0.766878,0.073766,-0.829558,0.250534,-1.41616,0.078051,-1.403535,0.090268,-2.092005,0.08278
H3N2,2020,south,3C.3a,0.004298,-2.722069,0.000694,-0.03355,0.014478,-2.73323,0.000386,-3.349939,0.000754,-3.494929,0.000365,-3.226329,0.000546,-4.122799,0.000406
H3N2,2020,south,3C.3a1,0.519921,-1.214888,0.378955,-3.288682,0.067557,-0.030286,0.697249,-1.97516,0.360557,-0.745237,0.690863,-0.963445,0.634309,-1.50551,0.673396
H3N2,2021,north,3C.2a1b.2a.1a,0.297101,-0.693147,1.0,-0.693147,1.0,-0.693147,1.0,-1.386294,1.0,-1.386294,1.0,-1.386294,1.0,-2.079442,1.0
H3N2,2021,south,3C.2a1b.1a,0.181626,-0.175809,0.218328,-0.619567,0.201579,-0.382289,0.180997,-0.795376,0.233847,-1.035057,0.183963,-0.852592,0.232347,-1.555124,0.222873
H3N2,2021,south,3C.2a1b.1b,0.18057,-0.164047,0.219627,-0.652838,0.193849,-1.045646,0.092693,-0.816885,0.227541,-1.696611,0.094382,-1.610987,0.108203,-2.292152,0.106032
H3N2,2021,south,3C.2a1b.2a,0.025343,-2.970482,0.001862,-0.729866,0.02519,-1.921683,0.005418,-3.700348,0.001786,-2.690434,0.004903,-2.742269,0.004899,-3.477813,0.004547
H3N2,2021,south,3C.2a1b.2a.1,0.012672,-2.216641,0.001979,-0.691518,0.013087,-2.159956,0.002134,-2.908159,0.001972,-2.907014,0.001974,-2.847684,0.002205,-3.596094,0.00202
H3N2,2021,south,3C.2a1b.2b,0.145723,-0.332172,0.149814,-0.745734,0.142562,-0.587279,0.118303,-1.077906,0.141443,-1.257411,0.118172,-1.46587,0.100959,-2.086934,0.105062
H3N2,2021,south,3C.3a1,0.424498,-0.398544,0.40839,-0.725607,0.423732,-0.032036,0.600456,-1.12415,0.39341,-0.707491,0.596606,-0.837341,0.551388,-1.483698,0.559467
H3N2,2022,north,3C.2a1b.1a,0.005616,-1.592456,0.001611,-0.733526,0.005472,-2.371487,0.000681,-2.325983,0.001515,-3.153583,0.00058,-3.205304,0.000539,-3.896369,0.000536
H3N2,2022,north,3C.2a1b.2a.2a,0.019509,-3.562182,0.000781,-0.672571,0.020202,-2.112926,0.003064,-4.234753,0.00078,-3.051099,0.002231,-2.739166,0.002986,-3.540822,0.002659
H3N2,2022,north,3C.2a1b.2a.2a.1,0.076559,-1.105361,0.035742,-0.62938,0.082778,-0.214955,0.08023,-1.734741,0.037298,-0.953021,0.071373,-0.712267,0.088955,-1.467663,0.08296
H3N2,2022,north,3C.2a1b.2a.2a.1a,0.401123,-0.193044,0.466304,-0.639302,0.429425,-0.069268,0.486282,-0.832346,0.481799,-0.670408,0.496081,-0.594765,0.52418,-1.28875,0.519815
H3N2,2022,north,3C.2a1b.2a.2a.2,0.104345,-0.440734,0.094688,-0.734626,0.101551,-0.789291,0.061572,-1.17536,0.088939,-1.446191,0.059406,-1.627099,0.048567,-2.267709,0.050803
H3N2,2022,north,3C.2a1b.2a.2a.3,0.317765,-0.246195,0.35028,-0.692304,0.322625,-0.140262,0.358826,-0.938498,0.343236,-0.756835,0.360451,-0.8306,0.32801,-1.493057,0.335697
H3N2,2022,north,3C.2a1b.2a.2c,0.039905,-0.106284,0.050594,-0.757817,0.037946,-1.713465,0.009345,-0.8641,0.046433,-2.279182,0.009877,-2.637315,0.006763,-3.215553,0.00753
H3N2,2022,south,3C.2a1b.2a.1,0.178808,-0.971275,0.346568,-0.722402,0.338062,-1.237129,0.196963,-1.693677,0.335792,-1.961724,0.201738,-2.03102,0.160637,-2.710582,0.170637
H3N2,2022,south,3C.2a1b.2a.1a,0.07947,-1.484444,0.092202,-0.740091,0.147615,-1.061753,0.10432,-2.224535,0.087769,-1.834555,0.10182,-1.919524,0.079815,-2.600498,0.084664
H3N2,2022,south,3C.2a1b.2a.2a.2,0.072848,-0.05078,0.354473,-0.685561,0.142898,-1.642493,0.053502,-0.736341,0.356341,-2.167925,0.066875,-2.310577,0.049484,-2.938787,0.055334
H3N2,2022,south,3C.2a1b.2a.2d,0.178808,-1.487812,0.206757,-0.628283,0.371425,-0.050565,0.645215,-2.116095,0.220098,-0.82366,0.629567,-0.544815,0.710063,-1.314353,0.689364
H3N2,2023,north,3C.2a1b.1a,0.002165,-1.369958,0.00103,-0.734865,0.002077,-2.127015,0.000349,-2.104824,0.000974,-2.913914,0.000312,-2.965695,0.000275,-3.648012,0.000283
H3N2,2023,north,3C.2a1b.2a.1a,0.018406,-0.013892,0.033974,-0.724812,0.01783,-1.767815,0.004245,-0.738704,0.032467,-2.167174,0.005587,-2.570283,0.003466,-3.13404,0.004016
H3N2,2023,north,3C.2a1b.2a.2a.1,0.086209,-1.431838,0.038542,-0.697028,0.085867,-2.0692,0.014708,-2.128866,0.037871,-2.863578,0.013042,-2.775342,0.013224,-3.494617,0.013115
H3N2,2023,north,3C.2a1b.2a.2a.1b,0.161727,-1.749704,0.052616,-0.594438,0.178487,-0.130145,0.191819,-2.344142,0.057284,-0.961601,0.163907,-0.535282,0.23305,-1.32937,0.214459
H3N2,2023,north,3C.2a1b.2a.2a.3,0.035323,-0.43526,0.04278,-0.731957,0.033975,-2.08416,0.005937,-1.167216,0.040592,-2.728058,0.006119,-2.912291,0.004725,-3.555148,0.005058
H3N2,2023,north,3C.2a1b.2a.2a.3a.1,0.091758,-0.677156,0.087253,-0.659608,0.094878,-0.14497,0.10723,-1.336764,0.089002,-0.835434,0.1055,-0.730834,0.108739,-1.448789,0.10798
H3N2,2023,north,3C.2a1b.2a.2a.3b,0.012722,-2.078103,0.00298,-0.72926,0.012269,-0.151292,0.014773,-2.807363,0.002835,-1.019541,0.012167,-0.969694,0.011873,-1.680014,0.01188
H3N2,2023,north,3C.2a1b.2a.2b,0.568277,-0.361659,0.740825,-0.681949,0.574618,-0.149735,0.66094,-1.043608,0.738975,-0.776045,0.693365,-0.806048,0.624648,-1.487718,0.64321
H3N2,2023,south,3C.2a1b.1a,0.00331,-0.962689,0.003779,-0.78236,0.002961,-2.066652,0.000637,-1.745049,0.003388,-2.800742,0.000663,-3.085117,0.000409,-3.701656,0.000465
H3N2,2023,south,3C.2a1b.2a.1a,0.018431,-2.217046,0.006002,-0.739653,0.017206,-0.020959,0.027436,-2.9567,0.005616,-0.904509,0.024571,-0.877126,0.020707,-1.581306,0.021586
H3N2,2023,south,3C.2a1b.2a.2a,0.055829,-1.474904,0.03819,-0.669548,0.055905,-1.879422,0.012957,-2.144452,0.038327,-2.678945,0.012622,-2.496121,0.012425,-3.238627,0.012466
H3N2,2023,south,3C.2a1b.2a.2a.1,0.469983,-1.653091,0.269025,-0.647209,0.481252,-0.022968,0.698216,-2.300301,0.276088,-0.843351,0.666087,-0.571547,0.71674,-1.335215,0.704015
H3N2,2023,south,3C.2a1b.2a.2a.1a,0.160777,-1.155714,0.151336,-0.606786,0.171423,-1.095979,0.081682,-1.7625,0.161716,-1.856026,0.08277,-1.532415,0.0938,-2.301137,0.09167
H3N2,2023,south,3C.2a1b.2a.2a.2,0.023978,-2.727035,0.004689,-0.669698,0.024007,-1.865412,0.005644,-3.396733,0.004705,-2.804533,0.004781,-2.482583,0.005409,-3.262832,0.005226
H3N2,2023,south,3C.2a1b.2a.2a.3,0.113805,-0.134493,0.297434,-0.715058,0.10889,-0.584345,0.096442,-0.849551,0.28522,-1.12896,0.121219,-1.352352,0.079495,-1.979013,0.08955
H3N2,2023,south,3C.2a1b.2a.2a.3a,0.024157,-0.047374,0.068882,-0.718211,0.023041,-0.958077,0.014087,-0.765585,0.065845,-1.430526,0.019032,-1.737152,0.011484,-2.335391,0.01331
H3N2,2023,south,3C.2a1b.2a.2a.3a.1,0.003668,-0.047374,0.01046,-0.709963,0.003528,-0.901918,0.002263,-0.757336,0.010081,-1.374367,0.003057,-1.652197,0.001899,-2.257983,0.002184
H3N2,2023,south,3C.2a1b.2a.2a.3b,0.02532,-0.241792,0.059442,-0.725774,0.023968,-0.842976,0.016567,-0.967566,0.056393,-1.433918,0.019881,-1.648879,0.013148,-2.280884,0.014732
H3N2,2023,south,3C.2a1b.2a.2b,0.086249,-1.044203,0.090761,-0.652847,0.08782,-1.090304,0.044068,-1.697049,0.09262,-1.83561,0.045318,-1.655673,0.044484,-2.39439,0.044798
H3N2,2024,north,3C.2a1b.2a.2a.3a.1,0.971669,-0.693147,1.0,-0.693147,1.0,-0.693147,1.0,-1.386294,1.0,-1.386294,1.0,-1.386294,1.0,-2.079442,1.0
H3N2,2024,south,3C.2a1b.2a.2a.1b,0.181946,-3.176431,0.014771,-0.74257,0.18118,-0.075782,0.356267,-3.919001,0.013656,-1.063799,0.265496,-0.942675,0.28562,-1.671395,0.277007
H3N2,2024,south,3C.2a1b.2a.2a.3,0.019394,-0.515459,0.02253,-0.672477,0.020714,-0.569325,0.023182,-1.187935,0.022341,-1.230184,0.023961,-1.195265,0.023648,-1.89496,0.023611
H3N2,2024,south,3C.2a1b.2a.2a.3a,0.014104,-0.207838,0.022287,-0.666167,0.01516,-0.885401,0.012291,-0.874005,0.02224,-1.463878,0.013795,-1.491518,0.012789,-2.169685,0.013047
H3N2,2024,south,3C.2a1b.2a.2a.3a.1,0.430536,-0.142649,0.726134,-0.637811,0.476072,-0.454425,0.577296,-0.78046,0.745462,-1.003466,0.667308,-0.975631,0.653947,-1.662649,0.661234
H3N2,2024,south,3C.2a1b.2a.2b,0.311001,-1.037873,0.214279,-0.751709,0.306874,-3.054696,0.030965,-1.789582,0.196301,-3.799145,0.02944,-3.955555,0.023996,-4.60857,0.025102
